listing_page,row_on_page,date,type,commenter,url,file
1,1,"Oct. 8, 2026",Public Comment,"Paul Schumacher, GAAP and IFRS Insights",https://www.sec.gov/comments/S7-2026-18/s7202618-1087779-3798686.pdf,s7202618-1087779-3798686.pdf
1,2,"Oct. 7, 2026",Public Comment,RSM US LLP,https://www.sec.gov/comments/S7-2026-18/s7202618-1087339-3795249.pdf,s7202618-1087339-3795249.pdf
1,3,"Oct. 5, 2026",Public Comment,"Jason O'Bryne, Chief Financial Officer, Olema Oncology",https://www.sec.gov/comments/S7-2026-18/s7202618-3784787.htm,s7202618-3784787.htm
1,4,"Sept. 8, 2026",Public Comment,"Scott T. Walker, Chief Compliance Officer, a16z; Andy Hill, General Counsel, a16z Growth & Venture",https://www.sec.gov/comments/S7-2026-17/s7202617-1032819-3431017.pdf,s7202617-1032819-3431017.pdf
1,5,"Aug. 28, 2026",Public Comment,"Donald B. Skillern, CPA",https://www.sec.gov/comments/S7-2026-18/s7202618-1020419-3291026.html,s7202618-1020419-3291026.html
1,6,"Aug. 28, 2026",Public Comment,"Hershel Harper, Chief Investment Officer, UAW Retiree Medical Benefits Trust",https://www.sec.gov/comments/S7-2026-18/s7202618-1019899-3289186.pdf,s7202618-1019899-3289186.pdf
1,7,"Aug. 17, 2026",Public Comment,"Joseph H. Schroeder, Ph.D. CPA, Indiana University, et al.",https://www.sec.gov/comments/S7-2026-18/s7202618-1007579-3210886.pdf,s7202618-1007579-3210886.pdf
1,8,"Aug. 14, 2026",Meeting with SEC Officials,"Memorandum from the Division of Corporation Finance regarding an August 13, 2026 meeting with The Capital Group Companies, Inc.",https://www.sec.gov/comments/S7-2026-18/s7202618-1002919-3175111.pdf,s7202618-1002919-3175111.pdf
1,9,"Aug. 13, 2026",Public Comment,Davis Polk & Wardwell LLP,https://www.sec.gov/comments/S7-2026-18/s7202618-1001859-3168208.pdf,s7202618-1001859-3168208.pdf
1,10,"Aug. 7, 2026",Public Comment,"Matt Murphy, Senior Director, Acquisition Policy, Aerospace Industries Association",https://www.sec.gov/comments/S7-2026-18/s7202618-995439-3119087.pdf,s7202618-995439-3119087.pdf
1,11,"Aug. 4, 2026",Public Comment,American Bar Association,https://www.sec.gov/comments/S7-2026-17/s7202617-991859-3103288.pdf,s7202617-991859-3103288.pdf
1,12,"Aug. 3, 2026",Public Comment,"Maureen McNichols, Marriner S. Eccles Professor of Accounting and Public and Private Management, Stanford Graduate School of Business, Joseph H. Schroeder, Ph.D. CPA, Indiana University, et al.",https://www.sec.gov/comments/S7-2026-18/s7202618-990939-3101986.pdf,s7202618-990939-3101986.pdf
1,13,"July 31, 2026",Public Comment,"Baker Tilly US, LLP",https://www.sec.gov/comments/S7-2026-18/s7202618-983259-3081128.pdf,s7202618-983259-3081128.pdf
1,14,"July 27, 2026",Public Comment,Amy Ripepi,https://www.sec.gov/comments/S7-2026-18/s7202618-980219-3069527.pdf,s7202618-980219-3069527.pdf
1,15,"July 27, 2026",Public Comment,"Jaime L. Klima, General Counsel, New York Stock Exchange",https://www.sec.gov/comments/S7-2026-18/s7202618-977959-3055552.pdf,s7202618-977959-3055552.pdf
1,16,"July 27, 2026",Public Comment,"Joseph B. Cohen, Executive Vice President and General Counsel, Athene Holding Ltd., and Whitney Chatterjee, Chief Legal Officer, Apollo Global Management, Inc.",https://www.sec.gov/comments/S7-2026-18/s7202618-976779-3053886.pdf,s7202618-976779-3053886.pdf
1,17,"July 27, 2026",Public Comment,"Kenneth E. Bentsen Jr., President & CEO, SIFMA",https://www.sec.gov/comments/S7-2026-18/s7202618-977120-3054308.pdf,s7202618-977120-3054308.pdf
1,18,"July 27, 2026",Public Comment,"Morningstar, Inc.",https://www.sec.gov/comments/S7-2026-18/s7202618-977379-3054506.pdf,s7202618-977379-3054506.pdf
1,19,"July 24, 2026",Public Comment,Allen Overy Shearman Sterling US LLP,https://www.sec.gov/comments/S7-2026-18/s7202618-973919-3030867.pdf,s7202618-973919-3030867.pdf
1,20,"July 24, 2026",Public Comment,"John A Zecca , Executive Vice President, Global Chief Legal, Risk & Regulatory Officer, Nasdaq, Inc.",https://www.sec.gov/comments/S7-2026-18/s7202618-974119-3031468.pdf,s7202618-974119-3031468.pdf
1,21,"July 23, 2026",Public Comment,"Everett M. Woodel, Jr., Acting Chief Counsel, and John Vatian, Assistant Chief Counsel, U.S. Small Business Administration, Office of Advocacy,",https://www.sec.gov/comments/S7-2026-18/s7202618-972799-3021173.pdf,s7202618-972799-3021173.pdf
1,22,"July 23, 2026",Public Comment,"Mika Weinstein, Chief Executive Officer, Just Futures",https://www.sec.gov/comments/S7-2026-18/s7202618-973121-3022389.pdf,s7202618-973121-3022389.pdf
1,23,"July 23, 2026",Public Comment,"Mika Weinstein, Chief Executive Officer, Just Futures PBC",https://www.sec.gov/comments/S7-2026-18/s7202618-973121-3022389_0.pdf,s7202618-973121-3022389_0.pdf
1,24,"July 22, 2026",Public Comment,"George S. Georgiev, Professor of Law, University of Miami School of Law",https://www.sec.gov/comments/S7-2026-18/s7202618-972119-3015386.pdf,s7202618-972119-3015386.pdf
1,25,"July 22, 2026",Public Comment,"Thomas A. Ciccone, Vice President and Chief Financial Officer, Broadwind, Inc.",https://www.sec.gov/comments/S7-2026-18/s7202618-972019-3014986.pdf,s7202618-972019-3014986.pdf
1,26,"July 21, 2026",Public Comment,"Bart Naylor, Public Citizen",https://www.sec.gov/comments/S7-2026-18/s7202618-967879-3004448.pdf,s7202618-967879-3004448.pdf
1,27,"July 20, 2026",Public Comment,"49 Investors, Labor Unions, and Public Interest Organizations",https://www.sec.gov/comments/S7-2026-18/s7202618-969559-3006428.pdf,s7202618-969559-3006428.pdf
1,28,"July 20, 2026",Public Comment,"Aaron Bennett, Chief Investment Officer, University Pension Plan Ontario",https://www.sec.gov/comments/S7-2026-18/s7202618-968620-3005368.pdf,s7202618-968620-3005368.pdf
1,29,"July 20, 2026",Public Comment,"Ali Weiner, Governance Director, Capital Research and Management Company; Walter R. Burkley, General Counsel, Capital Research and Management Company",https://www.sec.gov/comments/S7-2026-18/s7202618-968779-3005566.pdf,s7202618-968779-3005566.pdf
1,30,"July 20, 2026",Public Comment,"Andrea Tillet, Assistant Professor in Accounting, University of Wisconsin-Madison",https://www.sec.gov/comments/S7-2026-18/s7202618-969579-3006506.pdf,s7202618-969579-3006506.pdf
2,1,"July 20, 2026",Public Comment,"Andrew Beck, Peter Castellon, Paul Dudek, Dorothee Fischer-Appelt, Adam Fleisher, John Huber, Guy P. Lander, Rob Lando, Gregg Noel, Ash Qureshi, Jeffrey W. Rubin, Evan S. Simpson and Walter Van Dorn",https://www.sec.gov/comments/S7-2026-18/s7202618-969719-3006706.pdf,s7202618-969719-3006706.pdf
2,2,"July 20, 2026",Public Comment,"Andrew Roth, Chief Executive Officer/Executive Director, Colorado Public Employees' Retirement Association",https://www.sec.gov/comments/S7-2026-18/s7202618-969459-3006266.pdf,s7202618-969459-3006266.pdf
2,3,"July 20, 2026",Public Comment,"BDO USA, P.C.",https://www.sec.gov/comments/S7-2026-18/s7202618-968399-3005107.pdf,s7202618-968399-3005107.pdf
2,4,"July 20, 2026",Public Comment,"Benjamin L. Schiffrin, Director of Securities Policy, Better Markets, Inc.",https://www.sec.gov/comments/S7-2026-18/s7202618-968059-3004746.pdf,s7202618-968059-3004746.pdf
2,5,"July 20, 2026",Public Comment,"Cambria Allen-Ratzlaff, CEO, Principles for Responsible Investment",https://www.sec.gov/comments/S7-2026-18/s7202618-969839-3007306.pdf,s7202618-969839-3007306.pdf
2,6,"July 20, 2026",Public Comment,"Campbell Pryde, President and CEO, XBRL US",https://www.sec.gov/comments/S7-2026-18/s7202618-968919-3005649_0.pdf,s7202618-968919-3005649_0.pdf
2,7,"July 20, 2026",Public Comment,"Campbell Pryde, President and CEO, XBRL US",https://www.sec.gov/comments/S7-2026-18/s7202618-968360-3005106.pdf,s7202618-968360-3005106.pdf
2,8,"July 20, 2026",Public Comment,"Carin Zelenko, Director of Capital Strategies, AFL-CIO",https://www.sec.gov/comments/S7-2026-18/s7202618-969759-3006746.pdf,s7202618-969759-3006746.pdf
2,9,"July 20, 2026",Public Comment,Connor Mote,https://www.sec.gov/comments/S7-2026-18/s7202618-969919-3007366.html,s7202618-969919-3007366.html
2,10,"July 20, 2026",Public Comment,Crowe LLP,https://www.sec.gov/comments/S7-2026-18/s7202618-967580-3003849.pdf,s7202618-967580-3003849.pdf
2,11,"July 20, 2026",Public Comment,"David Weber, Professor of Accounting, University of Connecticut",https://www.sec.gov/comments/S7-2026-18/s7202618-970319-3008628.pdf,s7202618-970319-3008628.pdf
2,12,"July 20, 2026",Public Comment,"Dennis McGowan, Vice President of Professional Practice, Center for Audit Quality",https://www.sec.gov/comments/S7-2026-18/s7202618-967859-3004446.pdf,s7202618-967859-3004446.pdf
2,13,"July 20, 2026",Public Comment,"Dina El Mahdy, Professor of Accounting, Morgan State University",https://www.sec.gov/comments/S7-2026-18/s7202618-969939-3007368.pdf,s7202618-969939-3007368.pdf
2,14,"July 20, 2026",Public Comment,"Edmond Ho, CFA, Associate Portfolio Manager and ESG Lead, Vancity Investment Management Ltd.",https://www.sec.gov/comments/S7-2026-18/s7202618-969699-3006646.pdf,s7202618-969699-3006646.pdf
2,15,"July 20, 2026",Public Comment,"Eleanor Bloxham, CEO, The Value Alliance and Corporate Governance Alliance",https://www.sec.gov/comments/S7-2026-18/s7202618-968159-3004847.pdf,s7202618-968159-3004847.pdf
2,16,"July 20, 2026",Public Comment,Ernst & Young LLP,https://www.sec.gov/comments/S7-2026-18/s7202618-968199-3004986.pdf,s7202618-968199-3004986.pdf
2,17,"July 20, 2026",Public Comment,Eversheds Sutherland (US) LLP on behalf of Committee of Annuity Insurers,https://www.sec.gov/comments/S7-2026-18/s7202618-968720-3005447.pdf,s7202618-968720-3005447.pdf
2,18,"July 20, 2026",Public Comment,EXIT Alliance,https://www.sec.gov/comments/S7-2026-18/s7202618-969659-3006626.pdf,s7202618-969659-3006626.pdf
2,19,"July 20, 2026",Public Comment,Grant Thornton LLP,https://www.sec.gov/comments/S7-2026-18/s7202618-968759-3005450.pdf,s7202618-968759-3005450.pdf
2,20,"July 20, 2026",Public Comment,"Jaime Bonham, Sr. Director, Head of Responsible Investing, NEI Investments; Hasina Razafimahefa, Director, RI Operations & Strategy, NEI Investments",https://www.sec.gov/comments/S7-2026-18/s7202618-968839-3005587.pdf,s7202618-968839-3005587.pdf
2,21,"July 20, 2026",Public Comment,"James Angel, Associate Professor, Georgetown University",https://www.sec.gov/comments/S7-2026-18/s7202618-969879-3007287_0.pdf,s7202618-969879-3007287_0.pdf
2,22,"July 20, 2026",Public Comment,"Jen Sisson, CEO, International Corporate Governance Network (ICGN)",https://www.sec.gov/comments/S7-2026-17/s7202617-968880-3005608.pdf,s7202617-968880-3005608.pdf
2,23,"July 20, 2026",Public Comment,"Jerry P. Franklin, Corporate Controller and Andrew S. Klaus, Chief Financial and Principal Accounting Officer, Preformed Line Products Company (PLPC)",https://www.sec.gov/comments/S7-2026-18/s7202618-968019-3004566.pdf,s7202618-968019-3004566.pdf
2,24,"July 20, 2026",Public Comment,"Jessica Giroux, Chief Legal Officer, American Securities Association",https://www.sec.gov/comments/S7-2026-18/s7202618-968041-3004706.pdf,s7202618-968041-3004706.pdf
2,25,"July 20, 2026",Public Comment,"John L. Thornton, Co-Chair, Hal S. Scott, President, and R. Glenn Hubbard Co-Chair, Committee on Capital Markets Regulation Committee on Capital Markets Regulation",https://www.sec.gov/comments/S7-2026-18/s7202618-968859-3005607.pdf,s7202618-968859-3005607.pdf
2,26,"July 20, 2026",Public Comment,"Jonathan Elliott, CEO, Research Data Group, Inc.",https://www.sec.gov/comments/S7-2026-18/s7202618-968819-3005586.html,s7202618-968819-3005586.html
2,27,"July 20, 2026",Public Comment,"Joseph Micale, PhD CPA, Assistant Professor of Accounting, New Jersey Institute of Technology",https://www.sec.gov/comments/S7-2026-18/s7202618-968999-3005746.pdf,s7202618-968999-3005746.pdf
2,28,"July 20, 2026",Public Comment,"Joseph P. Corcoran, Managing Director and Associate General Counsel, SIFMA",https://www.sec.gov/comments/S7-2026-18/s7202618-968100-3004767.pdf,s7202618-968100-3004767.pdf
2,29,"July 20, 2026",Public Comment,"Joshua Stein, Vice President, Accounting & Financial Management, American Bankers Association",https://www.sec.gov/comments/S7-2026-18/s7202618-968239-3005006.pdf,s7202618-968239-3005006.pdf
2,30,"July 20, 2026",Public Comment,"Karen Carraher, Executive Director, Ohio Public Employees Retirement System",https://www.sec.gov/comments/S7-2026-18/s7202618-968459-3005226.pdf,s7202618-968459-3005226.pdf
3,1,"July 20, 2026",Public Comment,"Kendalle Burlin O'Connell, CEO and President, Massachusetts Biotechnology Council",https://www.sec.gov/comments/S7-2026-18/s7202618-970379-3008766.pdf,s7202618-970379-3008766.pdf
3,2,"July 20, 2026",Public Comment,Linklaters LLP,https://www.sec.gov/comments/S7-2026-18/s7202618-967379-3003006.pdf,s7202618-967379-3003006.pdf
3,3,"July 20, 2026",Public Comment,"Luan Jenifer, CEO & President, Miller/Howard Investments, Inc.",https://www.sec.gov/comments/S7-2026-18/s7202618-969219-3005906.pdf,s7202618-969219-3005906.pdf
3,4,"July 20, 2026",Public Comment,"Marcie Frost, Chief Executive Officer, California Public Employees & Retirement System (CalPERS)",https://www.sec.gov/comments/S7-2026-18/s7202618-969600-3006507.pdf,s7202618-969600-3006507.pdf
3,5,"July 20, 2026",Public Comment,"Marni Rock Gibson, NASAA President and Commissioner, Kentucky Department of Financial Institutions",https://www.sec.gov/comments/S7-2026-18/s7202618-969519-3006306.pdf,s7202618-969519-3006306.pdf
3,6,"July 20, 2026",Public Comment,"Mary Barth, Ph.D., Graduate School of Business, Stanford University, Wayne Landsman, Ph.D., Kenan-Flagler Business School, University of North Carolina, and Joseph H. Schroeder, Ph.D. CPA, Kelley School of Business, Indiana University",https://www.sec.gov/comments/S7-2026-18/s7202618-969179-3005866.pdf,s7202618-969179-3005866.pdf
3,7,"July 20, 2026",Public Comment,"Matthew D. Brusch, CAE, President and CEO, National Investor Relations Institute",https://www.sec.gov/comments/S7-2026-18/s7202618-969439-3006207.pdf,s7202618-969439-3006207.pdf
3,8,"July 20, 2026",Public Comment,"Maureen McNichols, Stanford Graduate School of Business and Joseph Schroeder, Indiana University, on behalf of over 95 Professors, Former Regulators and Audit Experts",https://www.sec.gov/comments/S7-2026-18/s7202618-970259-3008407.pdf,s7202618-970259-3008407.pdf
3,9,"July 20, 2026",Public Comment,McGuireWoods LLP and Brownstein Hyatt Farber Schreck LLP,https://www.sec.gov/comments/S7-2026-18/s7202618-969139-3005826.pdf,s7202618-969139-3005826.pdf
3,10,"July 20, 2026",Public Comment,Members of the Audit Committee Council,https://www.sec.gov/comments/S7-2026-18/s7202618-968039-3004686.pdf,s7202618-968039-3004686.pdf
3,11,"July 20, 2026",Public Comment,"Mike Flood, Senior Vice President, Center for Capital Markets Competitiveness, U.S. Chamber of Commerce",https://www.sec.gov/comments/S7-2026-18/s7202618-967919-3004486.pdf,s7202618-967919-3004486.pdf
3,12,"July 20, 2026",Public Comment,"Morgan Simon, Founding Partner & CCO, and Tanay Tatum-Edwards, Director of Shareholder Advocacy, Candide Group",https://www.sec.gov/comments/S7-2026-18/s7202618-968339-3005066.pdf,s7202618-968339-3005066.pdf
3,13,"July 20, 2026",Public Comment,"Natalia Renta, Associate Director for Corporate Governance and Power, Americans for Financial Reform Education Fund",https://www.sec.gov/comments/S7-2026-18/s7202618-969379-3006126.pdf,s7202618-969379-3006126.pdf
3,14,"July 20, 2026",Public Comment,National Association of Manufacturers,https://www.sec.gov/comments/S7-2026-18/s7202618-969124-3005846.pdf,s7202618-969124-3005846.pdf
3,15,"July 20, 2026",Public Comment,Nick Fuller,https://www.sec.gov/comments/S7-2026-18/s7202618-969299-3005986.pdf,s7202618-969299-3005986.pdf
3,16,"July 20, 2026",Public Comment,"Panos N. Patatoukas, L.H. Penney Chair in Accounting, and Tanya Paul, Assistant Professor of Accounting, Haas School of Business, U.C. Berkeley",https://www.sec.gov/comments/S7-2026-18/s7202618-969979-3007487.pdf,s7202618-969979-3007487.pdf
3,17,"July 20, 2026",Public Comment,"Paul F. Washington, President and Chief Executive Officer, Society for Corporate Governance",https://www.sec.gov/comments/S7-2026-18/s7202618-968279-3005026.pdf,s7202618-968279-3005026.pdf
3,18,"July 20, 2026",Public Comment,"Paul G. Cellupica, General Counsel and Erica Evans, Assistant General Counsel, Investment Company Institute",https://www.sec.gov/comments/S7-2026-18/s7202618-967899-3004467.pdf,s7202618-967899-3004467.pdf
3,19,"July 20, 2026",Public Comment,PricewaterhouseCoopers LLP,https://www.sec.gov/comments/S7-2026-18/s7202618-969639-3006606.pdf,s7202618-969639-3006606.pdf
3,20,"July 20, 2026",Public Comment,"Richard W. Torgerson, CFA, Registered Principal, SharePower Responsible Investing",https://www.sec.gov/comments/S7-2026-18/s7202618-968840-3005588.pdf,s7202618-968840-3005588.pdf
3,21,"July 20, 2026",Public Comment,"Steven Morrison, Partner, National Director of Audit, CohnReznick LLP",https://www.sec.gov/comments/S7-2026-18/s7202618-968599-3005346.pdf,s7202618-968599-3005346.pdf
3,22,"July 20, 2026",Public Comment,"William Cather, Oklahoma State University, Assistant Professor of Accounting, Oklahoma State University",https://www.sec.gov/comments/S7-2026-18/s7202618-967339-3002827.pdf,s7202618-967339-3002827.pdf
3,23,"July 20, 2026",Public Comment,"William M. Docimo, University of Connecticut, Bo Ren, University of Illinois Urbana-Champaign , and David P. Weber, University of Connecticut",https://www.sec.gov/comments/S7-2026-18/s7202618-969000-3005766.pdf,s7202618-969000-3005766.pdf
3,24,"July 19, 2026",Public Comment,Auditing Standards Committee of the Auditing Section of the American Accounting Association,https://www.sec.gov/comments/S7-2026-18/s7202618-966979-3001148.pdf,s7202618-966979-3001148.pdf
3,25,"July 19, 2026",Public Comment,"Lynn Paquin, Senior Portfolio Manager, California State Teachers' Retirement System (CalSTRS)",https://www.sec.gov/comments/S7-2026-18/s7202618-967099-3001746.pdf,s7202618-967099-3001746.pdf
3,26,"July 19, 2026",Public Comment,"Nell Minow, Chair, ValueEdge Advisors",https://www.sec.gov/comments/S7-2026-18/s7202618-966899-3000366.pdf,s7202618-966899-3000366.pdf
3,27,"July 19, 2026",Public Comment,"Todd D. Kravet, Associate Professor, University of Connecticut",https://www.sec.gov/comments/S7-2026-18/s7202618-967239-3002506.pdf,s7202618-967239-3002506.pdf
3,28,"July 17, 2026",Public Comment,"Annessa Beckham, XBRL Coordinator, RDG Filings",https://www.sec.gov/comments/S7-2026-18/s7202618-965620-2992246.html,s7202618-965620-2992246.html
3,29,"July 17, 2026",Public Comment,Anonymous,https://www.sec.gov/comments/S7-2026-18/s7202618-965499-2992087_0.html,s7202618-965499-2992087_0.html
3,30,"July 17, 2026",Public Comment,Anonymous,https://www.sec.gov/comments/S7-2026-18/s7202618-965599-2992208.html,s7202618-965599-2992208.html
4,1,"July 17, 2026",Public Comment,Anonymous,https://www.sec.gov/comments/S7-2026-18/s7202618-965499-2992087_0.html,s7202618-965499-2992087_0.html
4,2,"July 17, 2026",Public Comment,"Daniel J. Dustin CPA, NASBA President and CEO, National Association of State Boards of Accountancy ; Nicola Neilon CPA, NASBA Chair, National Association of State Boards of Accountancy",https://www.sec.gov/comments/S7-2026-18/s7202618-968719-3005446.pdf,s7202618-968719-3005446.pdf
4,3,"July 17, 2026",Public Comment,Deloitte & Touche LLP,https://www.sec.gov/comments/S7-2026-18/s7202618-965039-2991348.pdf,s7202618-965039-2991348.pdf
4,4,"July 17, 2026",Public Comment,Elizabeth LaPradd,https://www.sec.gov/comments/S7-2026-18/s7202618-964939-2991046.pdf,s7202618-964939-2991046.pdf
4,5,"July 17, 2026",Public Comment,"Hudson, Auditor",https://www.sec.gov/comments/S7-2026-18/s7202618-964159-2989006.html,s7202618-964159-2989006.html
4,6,"July 17, 2026",Public Comment,James,https://www.sec.gov/comments/S7-2026-18/s7202618-965139-2991486.pdf,s7202618-965139-2991486.pdf
4,7,"July 17, 2026",Public Comment,"Karl Rohrbaugh, Accountant and Retail Investor",https://www.sec.gov/comments/S7-2026-18/s7202618-964099-2988747.pdf,s7202618-964099-2988747.pdf
4,8,"July 17, 2026",Public Comment,Lee Rasmussen,https://www.sec.gov/comments/S7-2026-18/s7202618-965699-2992388.pdf,s7202618-965699-2992388.pdf
4,9,"July 17, 2026",Public Comment,Lee Rasmussen,https://www.sec.gov/comments/S7-2026-18/s7202618-965699-2992388_0.pdf,s7202618-965699-2992388_0.pdf
4,10,"July 17, 2026",Public Comment,"Liz Gordon, Executive Director of Corporate Governance, New York State Common Retirement Fund",https://www.sec.gov/comments/S7-2026-18/s7202618-964419-2989606.pdf,s7202618-964419-2989606.pdf
4,11,"July 17, 2026",Public Comment,Mandy Alvarez,https://www.sec.gov/comments/S7-2026-18/s7202618-964479-2989728.html,s7202618-964479-2989728.html
4,12,"July 17, 2026",Public Comment,"Matthew Illian, Director of Responsible Investing, United Church Funds",https://www.sec.gov/comments/S7-2026-18/s7202618-963679-2984473.pdf,s7202618-963679-2984473.pdf
4,13,"July 17, 2026",Public Comment,Melanie Richardson,https://www.sec.gov/comments/S7-2026-18/s7202618-965100-2991428.html,s7202618-965100-2991428.html
4,14,"July 17, 2026",Public Comment,Ms. Scott,https://www.sec.gov/comments/S7-2026-18/s7202618-964699-2990149.html,s7202618-964699-2990149.html
4,15,"July 17, 2026",Public Comment,"Paul L. Clark, SVP, Global Head of Stewardship, Northern Trust Asset Management",https://www.sec.gov/comments/S7-2026-18/s7202618-964599-2989926.pdf,s7202618-964599-2989926.pdf
4,16,"July 17, 2026",Public Comment,RSM US LLP,https://www.sec.gov/comments/S7-2026-18/s7202618-964899-2990927.pdf,s7202618-964899-2990927.pdf
4,17,"July 17, 2026",Public Comment,Sean MacKenzie,https://www.sec.gov/comments/S7-2026-18/s7202618-965679-2992326.html,s7202618-965679-2992326.html
4,18,"July 17, 2026",Public Comment,"Siobhan Cleary, Head of ESG, Baillie Gifford & Co.",https://www.sec.gov/comments/S7-2026-18/s7202618-964679-2990126.pdf,s7202618-964679-2990126.pdf
4,19,"July 17, 2026",Public Comment,"Tejal K. Patel, Executive Director, SOC Investment Group",https://www.sec.gov/comments/S7-2026-18/s7202618-964240-2989347.pdf,s7202618-964240-2989347.pdf
4,20,"July 17, 2026",Public Comment,"Trevor Mason, CPA",https://www.sec.gov/comments/S7-2026-18/s7202618-964739-2990226_0.html,s7202618-964739-2990226_0.html
4,21,"July 16, 2026",Public Comment,"Alex Lehmann, CPA, Chair, NCACPA Board of Directors",https://www.sec.gov/comments/S7-2026-18/s7202618-974259-3032187.pdf,s7202618-974259-3032187.pdf
4,22,"July 16, 2026",Public Comment,Clara Zhang,https://www.sec.gov/comments/S7-2026-18/s7202618-962839-2982327.html,s7202618-962839-2982327.html
4,23,"July 16, 2026",Public Comment,Eduardo Atilano,https://www.sec.gov/comments/S7-2026-18/s7202618-962919-2982547.html,s7202618-962919-2982547.html
4,24,"July 16, 2026",Public Comment,Hope McCormick,https://www.sec.gov/comments/S7-2026-18/s7202618-962979-2982627.html,s7202618-962979-2982627.html
4,25,"July 16, 2026",Public Comment,"Jeffrey Mahoney, General Counsel, Council of Institutional Investors (CII)",https://www.sec.gov/comments/S7-2026-18/s7202618-963799-2985071.pdf,s7202618-963799-2985071.pdf
4,26,"July 16, 2026",Public Comment,Josh Stowers,https://www.sec.gov/comments/S7-2026-18/s7202618-963299-2983328_0.html,s7202618-963299-2983328_0.html
4,27,"July 16, 2026",Public Comment,"Katie Carter, Director of Faith-Based Investing and Shareholder Engagement, Presbyterian Church U.S.A.",https://www.sec.gov/comments/S7-2026-18/s7202618-963119-2983091.pdf,s7202618-963119-2983091.pdf
4,28,"July 16, 2026",Public Comment,Lesley Williams,https://www.sec.gov/comments/S7-2026-18/s7202618-962599-2981430.html,s7202618-962599-2981430.html
4,29,"July 16, 2026",Public Comment,Lynn Nelson,https://www.sec.gov/comments/S7-2026-18/s7202618-963819-2985269.html,s7202618-963819-2985269.html
4,30,"July 16, 2026",Public Comment,"Musa Subasi, University of Maryland-College Park",https://www.sec.gov/comments/S7-2026-18/s7202618-963939-2986747.html,s7202618-963939-2986747.html
5,1,"July 16, 2026",Public Comment,Nicholas Holcroft,https://www.sec.gov/comments/S7-2026-18/s7202618-963379-2983608.html,s7202618-963379-2983608.html
5,2,"July 16, 2026",Public Comment,Nicholas Holcroft,https://www.sec.gov/comments/S7-2026-18/s7202618-963399-2983613.html,s7202618-963399-2983613.html
5,3,"July 16, 2026",Public Comment,RDG Filings,https://www.sec.gov/comments/S7-2026-18/s7202618-963019-2982730_0.html,s7202618-963019-2982730_0.html
5,4,"July 16, 2026",Public Comment,Sam Weimer,https://www.sec.gov/comments/S7-2026-18/s7202618-962299-2980595.html,s7202618-962299-2980595.html
5,5,"July 16, 2026",Public Comment,Stephanie Wilson,https://www.sec.gov/comments/S7-2026-18/s7202618-962719-2981952.html,s7202618-962719-2981952.html
5,6,"July 16, 2026",Public Comment,"Will Allen, Chief Operating Officer, RDG Filing",https://www.sec.gov/comments/S7-2026-18/s7202618-965539-2992128.pdf,s7202618-965539-2992128.pdf
5,7,"July 15, 2026",Public Comment,Anonymous,https://www.sec.gov/comments/S7-2026-18/s7202618-961719-2966526.html,s7202618-961719-2966526.html
5,8,"July 15, 2026",Public Comment,Anonymous,https://www.sec.gov/comments/S7-2026-18/s7202618-961999-2971058.html,s7202618-961999-2971058.html
5,9,"July 15, 2026",Public Comment,Ben Hubbard,https://www.sec.gov/comments/S7-2026-18/s7202618-961339-2965967.html,s7202618-961339-2965967.html
5,10,"July 15, 2026",Public Comment,CBIZ CPAs P.C.,https://www.sec.gov/comments/S7-2026-18/s7202618-960919-2964986.pdf,s7202618-960919-2964986.pdf
5,11,"July 15, 2026",Public Comment,"Charles Baker, Professor, Adelphi University",https://www.sec.gov/comments/S7-2026-18/s7202618-961279-2965926.html,s7202618-961279-2965926.html
5,12,"July 15, 2026",Public Comment,Divya Patel,https://www.sec.gov/comments/S7-2026-18/s7202618-961639-2966426.html,s7202618-961639-2966426.html
5,13,"July 15, 2026",Public Comment,"Glass, Lewis & Co.",https://www.sec.gov/comments/S7-2026-18/s7202618-961879-2969567.pdf,s7202618-961879-2969567.pdf
5,14,"July 15, 2026",Public Comment,Jackson Bronner,https://www.sec.gov/comments/S7-2026-18/s7202618-961720-2966527.html,s7202618-961720-2966527.html
5,15,"July 15, 2026",Public Comment,Neve Peterson,https://www.sec.gov/comments/S7-2026-18/s7202618-961539-2966367.html,s7202618-961539-2966367.html
5,16,"July 15, 2026",Public Comment,Paul Wroten,https://www.sec.gov/comments/S7-2026-18/s7202618-961780-2966552.pdf,s7202618-961780-2966552.pdf
5,17,"July 15, 2026",Public Comment,Paul Wroten,https://www.sec.gov/comments/S7-2026-18/s7202618-961739-2966586.pdf,s7202618-961739-2966586.pdf
5,18,"July 14, 2026",Public Comment,American Public,https://www.sec.gov/comments/S7-2026-18/s7202618-959839-2962907.pdf,s7202618-959839-2962907.pdf
5,19,"July 14, 2026",Public Comment,"Ani Huang, CHRO Association",https://www.sec.gov/comments/S7-2026-18/s7202618-960259-2963386.pdf,s7202618-960259-2963386.pdf
5,20,"July 14, 2026",Public Comment,"Christine Skizas, Managing Partner and Michael Kesner, Partner, Pay Governance LLC",https://www.sec.gov/comments/S7-2026-18/s7202618-960539-2963887.pdf,s7202618-960539-2963887.pdf
5,21,"July 14, 2026",Public Comment,"Fenwick & West LLP, Ran D. Ben-Tzur, Amanda L. Rose",https://www.sec.gov/comments/S7-2026-18/s7202618-959899-2963026.pdf,s7202618-959899-2963026.pdf
5,22,"July 14, 2026",Public Comment,"Financial Reporting Policy Committee (Melissa F. Lewis-Western - Chair, Sudipta Basu, Sarah McVay), Financial Accounting and Reporting Section of the American Accounting Association, American Accounting Association",https://www.sec.gov/comments/S7-2026-18/s7202618-959959-2963086.pdf,s7202618-959959-2963086.pdf
5,23,"July 14, 2026",Public Comment,"Jeffrey Johanns, CPA Chair, Professional Standards Committee Texas Society of Certified Public Accountants",https://www.sec.gov/system/files/filefield_paths/s7202618-960480-2963866.pdf,s7202618-960480-2963866.pdf
5,24,"July 14, 2026",Public Comment,KPMG LLC,https://www.sec.gov/comments/S7-2026-18/s7202618-963479-2983988_0.pdf,s7202618-963479-2983988_0.pdf
5,25,"July 13, 2026",Public Comment,"Transcript from “Rethinking the Rulebook: Modernizing the IPO Process and Access to Public Capital,"" hosted by SEC staff in the Office of the Advocate for Small Business Capital Formation and the Division of Corporation Finance, on July 13, 2026",https://www.sec.gov/comments/CLL-16/s7202617-1035579-3441226.pdf,s7202617-1035579-3441226.pdf
5,26,"July 13, 2026",Public Comment,"Vera Cherepanova, Boards of the Future, Executive Director",https://www.sec.gov/comments/S7-2026-18/s7202618-958199-2959966.pdf,s7202618-958199-2959966.pdf
5,27,"July 12, 2026",Public Comment,"Shiva Rajgopal, Columbia Business School, Forest Wong, City University of Hong Kong, and Wuyang Zhao, McGill University",https://www.sec.gov/comments/S7-2026-18/s7202618-959159-2961226.pdf,s7202618-959159-2961226.pdf
5,28,"July 10, 2026",Public Comment,"Dalia Thornton, Director, Department of Research and Collective Bargaining Services, American Federation of State, County and Municipal Employees (AFSCME)",https://www.sec.gov/comments/S7-2026-18/s7202618-956759-2954866.pdf,s7202618-956759-2954866.pdf
5,29,"July 10, 2026",Public Comment,"Kalenike Uridia, Founder, Verston Global Inc., Founder, Foreign Trained Lawyers Association LL.M., University of Washington School of Law",https://www.sec.gov/comments/S7-2026-18/s7202618-956420-2954206.pdf,s7202618-956420-2954206.pdf
5,30,"July 10, 2026",Meeting with SEC Officials,"Memorandum from the Office of Chairman regarding a July 10, 2026 meeting with representatives of CHRO Association",https://www.sec.gov/comments/S7-2026-18/s7202618-956519-2954506.pdf,s7202618-956519-2954506.pdf
6,1,"July 9, 2026",Public Comment,"Drew E. Hardy, CPA",https://www.sec.gov/comments/S7-2026-18/s7202618-955119-2949509.pdf,s7202618-955119-2949509.pdf
6,2,"July 9, 2026",Public Comment,"Josh Zinner, CEO, and Nadira Narine, Senior Program Director, Advancing Worker Justice, Interfaith Center on Corporate Responsibility",https://www.sec.gov/comments/S7-2026-18/s7202618-955039-2949246.pdf,s7202618-955039-2949246.pdf
6,3,"July 9, 2026",Public Comment,"Shahid Aman Cheema, FCMA (ICMAP A-5738), CMA-UK, CIMA-UK Finalist",https://www.sec.gov/comments/S7-2026-18/s7202618-954819-2947888.pdf,s7202618-954819-2947888.pdf
6,4,"July 7, 2026",Public Comment,"Aoife Brennan, CEO, Susan Altschuller, Chief Financial Officer, and Marissa Mello, VP, Accounting & Finance, Climb Bio, Inc.",https://www.sec.gov/comments/S7-2026-18/s7202618-952679-2936086.pdf,s7202618-952679-2936086.pdf
6,5,"July 6, 2026",Public Comment,D. Bishop,https://www.sec.gov/comments/S7-2026-19/s7202619-2923286.htm,s7202619-2923286.htm
6,6,"July 6, 2026",Public Comment,Liz Loizos,https://www.sec.gov/comments/S7-2026-18/s7202618-941459-2905447.html,s7202618-941459-2905447.html
6,7,"July 6, 2026",Public Comment,"Michael J. Dambra, Associate Professor of Accounting, University at Buffalo",https://www.sec.gov/comments/S7-2026-18/s7202618-948899-2923386.pdf,s7202618-948899-2923386.pdf
6,8,"July 6, 2026",Public Comment,Scott,https://www.sec.gov/comments/S7-2026-18/s7202618-945121-2916959.html,s7202618-945121-2916959.html
6,9,"July 6, 2026",Public Comment,Tamora J. Muir,https://www.sec.gov/comments/S7-2026-18/s7202618-941139-2904774.html,s7202618-941139-2904774.html
6,10,"July 3, 2026",Public Comment,Brian Delmonte,https://www.sec.gov/comments/S7-2026-18/s7202618-928899-2860303.html,s7202618-928899-2860303.html
6,11,"July 1, 2026",Public Comment,"Linda Moore, President and CEO, TechNet",https://www.sec.gov/comments/S7-2026-18/s7202618-919219-2821293.pdf,s7202618-919219-2821293.pdf
6,12,"July 1, 2026",Public Comment,"Weili Ge, PricewaterhouseCoopers and Alumni Accounting Professor of Accounting, University of Washington, Allison Koester, Dean’s Research Fellow and Associate Professor of Accounting and Sarah McVay, Legoe Endowed Professor of Accounting, Georgetown University",https://www.sec.gov/comments/S7-2026-18/s7202618-919359-2821908.pdf,s7202618-919359-2821908.pdf
6,13,"June 30, 2026",Public Comment,"Harold Bradley, Retired Chief Investment Officer, Kauffman Foundation, American Century Investments, Ironstone Properties, Inc., CFA Institute FAS Board of Regents (formerly)",https://www.sec.gov/comments/S7-2026-18/s7202618-915019-2806048.pdf,s7202618-915019-2806048.pdf
6,14,"June 30, 2026",Public Comment,"Richard Kreger,Chairman and Chief Executive Officer, Moody Capital Solutions, Inc.",https://www.sec.gov/comments/S7-2026-18/s7202618-915099-2806174.html,s7202618-915099-2806174.html
6,15,"June 27, 2026",Public Comment,Sean Millikan,https://www.sec.gov/comments/S7-2026-18/s7202618-899799-2736322.html,s7202618-899799-2736322.html
6,16,"June 26, 2026",Public Comment,"John C. Coates, Harvard Law School; Joel Seligman, Washington University School of Law; James D. Cox., Duke University School of Law; Merritt B. Fox, Columbia Law School; John C. Coffee Jr. , Columbia Law School",https://www.sec.gov/comments/S7-2026-18/s7202618-896359-2721088.pdf,s7202618-896359-2721088.pdf
6,17,"June 24, 2026",Public Comment,"Chris Sullivan, CFO of Avalo Therapeutics",https://www.sec.gov/comments/S7-2026-18/s7202618-881799-2686595.html,s7202618-881799-2686595.html
6,18,"June 24, 2026",Public Comment,Lawrence J. Trautman,https://www.sec.gov/comments/S7-2026-18/s7202618-882500-2687494.pdf,s7202618-882500-2687494.pdf
6,19,"June 23, 2026",Meeting with SEC Officials,"Memorandum from the Division of Corporation Finance regarding a June 23, 2026 meeting with representatives of CoreWeave, Inc",https://www.sec.gov/comments/S7-2026-18/s7202618-868289-2668859.pdf,s7202618-868289-2668859.pdf
6,20,"June 22, 2026",Meeting with SEC Officials,"Memorandum from the Division of Investment Management regarding a June 22, 2026 meeting with representatives of Eversheds Sutherland",https://www.sec.gov/comments/S7-2026-18/s7202618-914039-2801750.pdf,s7202618-914039-2801750.pdf
6,21,"June 22, 2026",Meeting with SEC Officials,"Memorandum from the Office of Commissioner Hester Peirce regarding a June 22, 2026 meeting with representatives of Ernst and Young",https://www.sec.gov/comments/S7-2026-18/s7202618-869578-2670160.pdf,s7202618-869578-2670160.pdf
6,22,"June 22, 2026",Meeting with SEC Officials,"Memorandum from the Office of the Chairman regarding a June 22, 2026 meeting with representatives of EY",https://www.sec.gov/comments/S7-2026-18/s7202618-884099-2689366.pdf,s7202618-884099-2689366.pdf
6,23,"June 21, 2026",Public Comment,"Hera Hyeonseo Lee, Ph.D. Candidate, Sociology, State University of New York, Binghamton",https://www.sec.gov/comments/S7-2026-18/s7202618-856419-2635627.pdf,s7202618-856419-2635627.pdf
6,24,"June 18, 2026",Public Comment,"Alasdair J MacKinnon, Audit Committee Chair",https://www.sec.gov/comments/S7-2026-18/s7202618-843659-2585878.html,s7202618-843659-2585878.html
6,25,"June 16, 2026",Public Comment,Anonymous,https://www.sec.gov/comments/S7-2026-18/s7202618-833961-2548635.html,s7202618-833961-2548635.html
6,26,"June 16, 2026",Public Comment,"Cheryl Michaels, Retired",https://www.sec.gov/comments/S7-2026-18/s7202618-829739-2539662.html,s7202618-829739-2539662.html
6,27,"June 11, 2026",Public Comment,"Corey Saunders, CPA, Partner, Connor Group",https://www.sec.gov/comments/S7-2026-18/s7202618-944379-2915595.pdf,s7202618-944379-2915595.pdf
6,28,"June 11, 2026",Public Comment,John M Tracy II,https://www.sec.gov/comments/S7-2026-18/s7202618-812459-2474667.html,s7202618-812459-2474667.html
6,29,"June 11, 2026",Public Comment,"Muhammad Usman Younis, Finance Director | Multi-Entity Group Finance Director | Cross-Jurisdictional Tax Specialist",https://www.sec.gov/comments/S7-2026-18/s7202618-815600-2482926.pdf,s7202618-815600-2482926.pdf
6,30,"June 10, 2026",Public Comment,"David Clark, Market Analyst",https://www.sec.gov/comments/S7-2026-18/s7202618-811939-2472603.pdf,s7202618-811939-2472603.pdf
7,1,"June 2, 2026",Public Comment,Anonymous,https://www.sec.gov/comments/S7-2026-18/s7202618-798880-2415946.html,s7202618-798880-2415946.html
7,2,"June 2, 2026",Public Comment,"Louis Lehot & Patrick Daugherty, Foley & Lardner LLP",https://www.sec.gov/comments/S7-2026-18/s7202618-797899-2413426.pdf,s7202618-797899-2413426.pdf
7,3,"June 1, 2026",Public Comment,"Marc I. Steinberg, Radforf Chair and Professor of Law",https://www.sec.gov/comments/S7-2026-18/s7202618-797879-2413346.pdf,s7202618-797879-2413346.pdf
7,4,"May 29, 2026",Public Comment,"Andy Whittle, CPA, M.S. Accounting — Internal Audit & Financial Advisory Professional",https://www.sec.gov/comments/S7-2026-18/s7202618-794220-2402646.pdf,s7202618-794220-2402646.pdf
7,5,"May 29, 2026",Public Comment,"James H. Poole, Obelisk Tech Systems Inc.",https://www.sec.gov/comments/S7-2026-18/s7202618-794442-2402887.html,s7202618-794442-2402887.html
7,6,"May 28, 2026",Public Comment,"A. E., CPA",https://www.sec.gov/comments/S7-2026-18/s7202618-793559-2400686.html,s7202618-793559-2400686.html
7,7,"May 28, 2026",Meeting with SEC Officials,"Memorandum from the Division of Corporation Finance regarding a May 27, 2026 meeting with representatives of NCACPA",https://www.sec.gov/comments/S7-2026-15/s7202615-792679-2399606.pdf,s7202615-792679-2399606.pdf
7,8,"May 28, 2026",Public Comment,Ronald P Dwyer,https://www.sec.gov/comments/S7-2026-18/s7202618-793539-2400606.html,s7202618-793539-2400606.html
7,9,"May 27, 2026",Public Comment,"Anne DeTraglia, The Institute of Internal Auditors (Certified Internal Auditor)",https://www.sec.gov/comments/S7-2026-18/s7202618-792299-2398127.html,s7202618-792299-2398127.html
7,10,"May 22, 2026",Public Comment,Matthew,https://www.sec.gov/comments/S7-2026-18/s7202618-785787-2386714.html,s7202618-785787-2386714.html
7,11,"May 21, 2026",Public Comment,Hannah Pasco,https://www.sec.gov/comments/S7-2026-18/s7202618-785027-2384754.html,s7202618-785027-2384754.html
7,12,"May 21, 2026",Public Comment,"Josh Maddox, CPA",https://www.sec.gov/comments/S7-2026-18/s7202618-784807-2384434.html,s7202618-784807-2384434.html
7,13,"May 21, 2026",Public Comment,"Lora Jones, CFO, National Bankshares, Inc.",https://www.sec.gov/comments/S7-2026-18/s7202618-785147-2385074.html,s7202618-785147-2385074.html
7,14,"May 20, 2026",Public Comment,Matthew Lykken,https://www.sec.gov/comments/S7-2026-18/s7202618-784367-2383494.html,s7202618-784367-2383494.html
7,15,"May 19, 2026",Public Comment,"Knutarne A Johansen, Investor",https://www.sec.gov/comments/S7-2026-18/s7202618-783067-2381414.html,s7202618-783067-2381414.html
