ID,v2 page,Claim,Kind,Confidence (1-10),Why,Verdict,v2 status
A1-01,2,"Tile: 1,596 newly exempt = 26.7% of all registrants",Release fact,9,Matches the primary source.,VERIFIED,No change needed
A1-02,2,Tiles: 75 of 118; 0 of 11; 12 of 118,Comment-file count,6,75 of 118 adds up and 0 of 11 checks against the firm letters; 12 of 118 rests on coding we could not re-derive.,COULD NOT VERIFY,Open: needs a check
A1-03,"2, 9","192 entries from 172 commenters; latest dated Sept 8, 2026",Comment-file count,7,"As S-25: within one or two of the October 9 listing, net of late letters.",COULD NOT VERIFY,Confirmed October 9; recount differs by one or two
A1-04,2,"""the SEC's May 2026 filer status proposal""; the title is never given",Release fact,9,Corrected in v2 from the primary source.,VERIFIED-WITH-NUANCE,Fixed in v2
A1-05,2,Line rises from $700M to $2B; every new registrant gets five years,Release fact,9,Matches the primary source.,VERIFIED,No change needed
A1-06,"2, 4",At adoption the line captured 18% of companies; today 35.4% of registrants,Release fact,9,Corrected in v2 from the primary source.,VERIFIED-WITH-NUANCE,Fixed in v2
A1-07,3,PoV: the proposal changes neither the 404(a) assessment nor the certifications,Release fact,9,Matches the primary source.,VERIFIED,No change needed
A1-08,"3, 8",No final rule adopted; companion proposals still proposed as of early Oct 2026,Release fact,9,Corrected in v2 from the primary source.,VERIFIED,Fixed in v2
A1-09,4,"Scaled or narrowed four times (2007, 2010, 2012, 2020); 2020 ""took issuers with revenue under $100 million out of accelerated filer status""",Release fact,9,Corrected in v2 from the primary source.,VERIFIED-WITH-NUANCE,Fixed in v2
A1-10,4,"2010 statutory exemption ""after the SEC had deferred them since 2003""",Release fact,9,Matches the primary source.,VERIFIED,No change needed
A1-11,4,Exhibit 1 timeline: 2002 $75M AF line; 2004 first AF attestations; 2005 $700M LAF line; 2010; 2012; 2020; 2026,Release fact,8,Matches the source; the nuance is noted and the wording was kept.,VERIFIED-WITH-NUANCE,Nuance noted; wording kept
A1-12,4,"Exhibit 1 panel, 2005: ""18% of listed companies"", ""nearly 95% of public float""",Release fact,9,Corrected in v2 from the primary source.,VERIFIED-WITH-NUANCE,Fixed in v2
A1-13,4,"Panel, 2024 at $700M: 35.4% of registrants, 98.8% of float",Release fact,9,Matches the primary source.,VERIFIED,No change needed
A1-14,"4, 8","Panel at $2B: 19.2% of registrants, 93.5% of float",Release fact,9,Corrected in v2 from the primary source.,VERIFIED-WITH-NUANCE,Fixed in v2
A1-15,"4, Exh. 6","98.8% of float at $700M (Exh. 1) vs 95.2% (Exh. 6, EA Table 13); EA Table 13 cited at p. 207",Page cite,9,Confirmed against the SEC PDF of Release 33-11419 (printed page = PDF page).,INCORRECT,Confirmed October 9 (sec.gov files)
A1-16,4,"CPI line $1.15B, S&P 500 line $3.85B (cited p. 42); ""That drift is the SEC's strongest argument""",Release fact,9,Confirmed against the SEC PDF of Release 33-11419 (printed page = PDF page).,NOT SUPPORTED,Confirmed October 9 (sec.gov files)
A1-17,4,"Exhibit 1 source: ""pp. 12, 20 to 34, 40 to 42 and 150""",Page cite,9,Confirmed against the SEC PDF of Release 33-11419 (printed page = PDF page).,INCORRECT,Fixed in v3
A1-18,4-5,"Ineffective ICFR 2021-2024: LAF 5.2%, AF 15.7%, NAF 41.8%",Release fact,9,Matches the primary source.,VERIFIED,No change needed
A1-19,5,Ineffective all four years: 0.4% / 4.2% / 24.9%,Release fact,9,Matches the primary source.,VERIFIED,No change needed
A1-20,5,"Restated for a material error, FY2021-2023: 1.6% / 4.8% / 5.4%; AF and NAF columns exclude EGCs; EGC rate 14.7%",Release fact,9,"v3 follows the release: restatements ""coincided with"" the staff statement (n. 319).",VERIFIED-WITH-NUANCE,Fixed in v3
A1-21,5,"Exhibit 2 legend: ""Accelerated – auditor attests""",Release fact,9,Corrected in v2 from the primary source.,VERIFIED-WITH-NUANCE,Fixed in v2 (Exhibit 2 legend and note)
A1-22,5,"Exhibit 2 source ""EA Tables 5, 6 and 7 (pp. 139 to 142)""",Page cite,9,Confirmed against the SEC PDF of Release 33-11419 (printed page = PDF page).,INCORRECT,Confirmed October 9 (sec.gov files)
A1-23,5,"""Of 757 accelerated filers, 125 are emerging growth companies and are not subject to attestation""",Release fact,9,Matches the primary source.,VERIFIED,No change needed
A1-24,5,"NAF restatement rate ""only slightly higher"" than AF",Release fact,9,Corrected in v2 from the primary source.,VERIFIED-WITH-NUANCE,Fixed in v2
A1-25,5,Less than six percent of exempt registrants obtained a voluntary attestation in 2024,Release fact,9,Matches the primary source.,VERIFIED,No change needed
A1-26,5,2011 staff study quotes as repeated in the release,Release fact,9,Matches the primary source.,VERIFIED,No change needed
A1-27,6,"2008-2009 insider survey: benefits outweigh costs ""especially as they gained experience with section 404(b)""; fewer answered that question",Release fact,9,Corrected in v2 from the primary source.,VERIFIED-WITH-NUANCE,Fixed in v2
A1-28,6,Compliance costs fell after 2007 (AS No. 5 and SEC guidance),Release fact,9,Matches the primary source.,VERIFIED,No change needed
A1-29,6,"""may play a role in improving overall investor confidence, encouraging investment in public markets""",Release fact,9,Matches the primary source.,VERIFIED,No change needed
A1-30,6,Release cites a recent study finding no decline in reporting quality after the 2020 exemption,Release fact,9,Corrected in v2 from the primary source.,VERIFIED-WITH-NUANCE,Fixed in v2
A1-31,6,"Auditor testing ""may have fewer benefits"" at the larger companies now affected",Release fact,8,Matches the source; the nuance is noted and the wording was kept.,VERIFIED-WITH-NUANCE,Nuance noted; wording kept
A1-32,5-6,"CAQ counts (60% decline 2006-2009; 858 in 2013 to 402 in 2022; 1,155 SPAC); Ideagen 391 in 2025",Release fact,9,CAQ counts verified in register D (D-13 to D-15); Ideagen 391 verified from its 2026 report page.,COULD NOT VERIFY,Open: needs a check
A1-33,7,Float measurement: today a single day; proposed the average closing price over the last 10 trading days of Q2,Release fact,9,Corrected in v2 from the primary source.,VERIFIED-WITH-NUANCE,Fixed in v2
A1-34,7,Moving in or out: two consecutive years with no separate exit level; today exit below $560M (LAF) and $60M (AF),Release fact,9,Corrected in v2 from the primary source.,VERIFIED-WITH-NUANCE,Fixed in v2
A1-35,7,"60 months of seasoning ""whatever the company's size""",Release fact,9,Matches the primary source.,VERIFIED,No change needed
A1-36,7,404(a) unchanged,Release fact,9,Matches the primary source.,VERIFIED,No change needed
A1-37,"7, 8","FPIs on 20-F/40-F: attestation from $75M, unchanged; p. 8 says they are ""outside the proposal""",Release fact,9,Corrected in v2 from the primary source.,VERIFIED-WITH-NUANCE,Fixed in v2
A1-38,7-8,"Deadlines: LAF 60/40, AF 75/40, NAF 90/45, SNF 120/50",Release fact,9,Matches the primary source.,VERIFIED,No change needed
A1-39,8,SNF: total assets of $35M or less at each of the last two Q2 ends,Release fact,9,Corrected in v2 from the primary source.,VERIFIED-WITH-NUANCE,Fixed in v2
A1-40,7-8,Today's LAF tests (12 months; one annual report; not SRC-eligible on revenue test); AF the same at $75M-<$700M,Release fact,9,Matches the primary source.,VERIFIED,No change needed
A1-41,8,"SRC: float under $250M, or revenue under $100M with float under $700M; two years of financial statements and MD&A; lighter pay disclosure",Release fact,9,Matches the primary source.,VERIFIED,No change needed
A1-42,8,"EGC: revenue under $1.235B, for up to five years after IPO",Release fact,8,Matches the source; the nuance is noted and the wording was kept.,VERIFIED-WITH-NUANCE,Nuance noted; wording kept
A1-43,8,"EGC ""stays by statute, though the SEC expects it to be unnecessary in most circumstances""",Release fact,9,Corrected in v2 from the primary source.,VERIFIED-WITH-NUANCE,Fixed in v2
A1-44,8,"NAFs ""must disclose material unresolved staff comments""",Release fact,9,Corrected in v2 from the primary source.,VERIFIED-WITH-NUANCE,Fixed in v2
A1-45,8,An LAF that becomes NAF gains 30 days (10-K) and 5 days (10-Q) and may present two years of financial statements,Release fact,9,Matches the primary source.,VERIFIED,No change needed
A1-46,8,"""is exempt from say-on-pay votes""",Release fact,9,Corrected in v2 from the primary source.,VERIFIED-WITH-NUANCE,Fixed in v2
A1-47,8,"""The option to defer new accounting standards is narrower: it runs only for the first five years after initial registration""",Release fact,9,Corrected in v2 from the primary source.,VERIFIED-WITH-NUANCE,Fixed in v2
A1-48,8,"LAFs fall from 2,115 to 1,146; 35.4% to 19.2%; 93.5% of float",Release fact,9,Matches the primary source.,VERIFIED,No change needed
A1-49,8,"1,596 = 964 LAFs + 632 AFs; 2,115 − 1,146 = 969, not 964",Release fact,9,Corrected in v2 from the primary source.,VERIFIED-WITH-NUANCE,Fixed in v2
A1-50,8,"""Banks are counted in the 1,596 but stay subject to the FDIC's separate attestation rule, which since January 1, 2026 applies at $5 billion of assets or more""",Release fact,9,Corrected in v2 from the primary source.,NOT SUPPORTED,Fixed in v2
A1-51,8,"Comments closed July 20, 2026",Release fact,9,Matches the primary source.,VERIFIED,No change needed
A1-52,7,"""Today five overlapping labels can apply""; the proposal leaves two plus a sub-category",Release fact,9,Matches the primary source.,VERIFIED,No change needed
A1-53,8,"Section 2 table source: ""pp. 9 to 13, 20 to 21, 28 to 33, 37 to 48, 56, 66 to 69, 83, 96 and 103""",Page cite,9,Confirmed against the SEC PDF of Release 33-11419 (printed page = PDF page).,VERIFIED-WITH-NUANCE,Fixed in v3
A2-01,11 (4.1),Release cannot isolate the attestation fee because companies disclose total audit fees only,Release fact,9,Matches the primary source.,VERIFIED,No change needed
A2-02,"11 (4.1), Exh. 5","""$202,500 of outside cost and 375 internal hours per annual report, a 2020 estimate adjusted for inflation""",Release fact,8,Matches the source; the nuance is noted and the wording was kept.,VERIFIED-WITH-NUANCE,Nuance noted; wording kept
A2-03,"11, Exh. 5 note","Range of other estimates ""from $73,165 in audit fees for companies under $300 million to approximately $800,000 all-in""",Release fact,9,Corrected in v2 from the primary source.,VERIFIED-WITH-NUANCE,Fixed in v2
A2-04,11 (4.1),"""Issuers put the figure higher, at or above the top of the range the release itself reports"" ($500,000 to $1 million)",Release fact,9,Both issuer figures confirmed: Nasdaq p. 4 and the Avalo web comment.,INCORRECT,Confirmed October 9 (sec.gov files)
A2-05,"11, Exh. 5","GAO-25-107500: ""median first-year rise in audit fees at 98 companies entering the requirement"", $219,000, ""in part due to the attestation""",Release fact,9,Corrected in v2 from the primary source.,VERIFIED-WITH-NUANCE,Fixed in v2
A2-06,11 (4.2),"""The one study on the file that measured the cost of capital after an actual exemption, for low-revenue issuers in 2020, found no significant difference""",Release fact,8,"Softened to ""the only study we found""; we did not read every letter.",NOT SUPPORTED,Fixed in v2
A2-07,11 (4.2),"Cost-of-capital figures ""trace largely to one 2009 study of companies whose control deficiencies were later cleared by an auditor""",Release fact,9,Corrected in v2 from the primary source.,VERIFIED-WITH-NUANCE,Fixed in v2
A2-08,"13, Exh. 6","EA Table 13: 1,665/1,480/1,285/1,146/1,030/944 filers; 95.2/94.8/94.1/93.5/92.7/92.1% of float",Release fact,9,Matches the primary source.,VERIFIED,No change needed
A2-09,"13, Exh. 6 note","Table 13 ""varies only the float line"", so its $700M row (1,665) differs from today's 2,115; ""the release does not reconcile the two""",Release fact,8,Matches the source; the nuance is noted and the wording was kept.,VERIFIED-WITH-NUANCE,Nuance noted; wording kept
A2-10,"13, Exh. 6 axis","""newly exempt: 632 accelerated filers"" ($75m-$700m) and ""964 large accelerated"" ($700m-$2bn)",Release fact,8,Matches the source; the nuance is noted and the wording was kept.,VERIFIED-WITH-NUANCE,Nuance noted; wording kept
A2-11,"13, Exh. 6",Inflation-adjusted $1.15bn; S&P 500-proportionate $3.85bn (p. 42),Release fact,9,Matches the primary source.,VERIFIED,No change needed
A2-12,"13, Exh. 6","Axis: ""$3.85bn ... One issuer asks the SEC to consider it"" and ""$10bn Asked for by three commenters""; table: ""3 higher""",Release fact,,The $10bn and $3.85bn commenter labels were taken off Exhibit 6 in v2.,COULD NOT VERIFY,Open: needs a check
A2-13,"16, Exh. 8","1,144 filers on Form 20-F/40-F in 2024",Release fact,9,Matches the primary source.,VERIFIED,No change needed
A2-14,"16, Exh. 8 box 1","FPI on 20-F/40-F: ""Outside the proposal. The auditor's attestation continues from $75 million of float""",Release fact,9,Corrected in v2 from the primary source.,VERIFIED-WITH-NUANCE,Fixed in v2
A2-15,"16, Exh. 8","4,825 non-accelerated; 1,596 newly exempt; 1,146 LAFs",Release fact,9,Matches the primary source.,VERIFIED,No change needed
A2-16,"16, Exh. 8 note","On transition, a current LAF below $2bn in either year, or with under 60 months of reporting, becomes non-accelerated",Release fact,9,Matches the primary source.,VERIFIED,No change needed
A2-17,"16, Exh. 8","""A company that becomes an accelerated or large accelerated filer on its 2026 measurement date is in scope for fiscal 2026""",Release fact,9,Corrected in v2 from the primary source.,VERIFIED-WITH-NUANCE,Fixed in v2
A2-18,"16, Exh. 8; 13; 16 item 2","""The release proposes no interim relief""",Release fact,9,Matches the primary source.,VERIFIED,No change needed
A2-19,14 (6),"""approximately 88% of 2024 IPOs were by emerging growth companies""",Release fact,9,Corrected in v2 from the primary source.,VERIFIED-WITH-NUANCE,Fixed in v2
A2-20,14 (6),"Release gives no estimate of additional listings; ""magnitude and direction of the effect is difficult to predict""",Release fact,9,Matches the primary source.,VERIFIED,No change needed
A2-21,14 (6),"Release concedes the FPI gap ""could result in competitive disadvantages""",Release fact,8,Matches the source; the nuance is noted and the wording was kept.,VERIFIED-WITH-NUANCE,Nuance noted; wording kept
A2-22,14 (6),Academic whose study the release cites for the JOBS Act's effect on IPOs (Dambra),Release fact,8,Matches the source; the nuance is noted and the wording was kept.,VERIFIED-WITH-NUANCE,Nuance noted; wording kept
A2-23,14 (6),Stated purpose: encourage more companies to go and stay public,Release fact,9,Matches the primary source.,VERIFIED,No change needed
A2-24,16-17 (7.2),Without 404(b): auditor must still understand controls (design and implementation),Release fact,9,Corrected in v2 from the primary source.,VERIFIED,Fixed in v2
A2-25,16-17 (7.2),"Without 404(b): tests controls ""where the auditor relies on controls or cannot get enough evidence without them""",Release fact,9,Matches the primary source.,VERIFIED,No change needed
A2-26,16-17 (7.2),"Deficiencies reported in writing to management and audit committee: ""Unchanged""",Release fact,9,Corrected in v2 from the primary source.,VERIFIED-WITH-NUANCE,Fixed in v2
A2-27,16-17 (7.2),"MW not reported by management: with 404(b) the auditor must say so; without, goes to management and the AC to weigh in the 404(a) assessment",Release fact,9,Matches the primary source.,VERIFIED,No change needed
A2-28,6 (1.2),"Release says auditor testing ""may have fewer benefits"" at the larger companies now affected",Release fact,9,Matches the primary source.,VERIFIED,No change needed
A2-29,6 (1.2),Release cites one recent study finding no decline in reporting quality after the 2020 exemption,Release fact,9,Matches the primary source.,VERIFIED,No change needed
A2-30,8 (2); 16 item 3,"Banks counted in the 1,596; count of LAF/AF banks or bank holding companies",Release fact,9,Matches the primary source.,VERIFIED,No change needed
A2-31,"2, 9",75 + 32 + 11 = 118; Exhibit 4 bars 32/11/32/43,Comment-file count,10,"Arithmetic or internal consistency, checked.",VERIFIED,No change needed
A2-32,"2, 8, 16","1,596 = 964 + 632; 26.7% base; 35.4%, 19.2%",Release fact,10,"Arithmetic or internal consistency, checked.",VERIFIED,No change needed
A2-33,16,"4,825 + 1,146",Release fact,10,"Arithmetic or internal consistency, checked.",VERIFIED,No change needed
A2-34,14-15,$147.5bn vs $142.4bn; $101.5bn,Release fact,10,"Arithmetic or internal consistency, checked.",VERIFIED,No change needed
A2-35,15,"1,913/4,182 = 46%",Release fact,10,"Arithmetic or internal consistency, checked.",VERIFIED,No change needed
A2-36,"2, 9-10, 16",Audit-firm counts (0 of 11; 10 of 11; 9 of 12; 7 firms; 11 + 9 = 20),Comment-file count,10,"Arithmetic or internal consistency, checked.",VERIFIED,No change needed
A2-37,"2, 9, 11","Docket currency: ""192 entries, the latest dated September 8, 2026""; file ""as posted on October 5, 2026""; ""Nine of the twenty largest ... filed nothing""; issuers put cost at $500,000 to $1 million",Comment-file count,9,Snapshot stated; the late letters do not change the headline counts.,COULD NOT VERIFY,Confirmed October 9 (sec.gov files)
A2-38,"11, 13, 16 and others",Printed page numbers of Release 33-11419,Page cite,9,Confirmed against the SEC PDF of Release 33-11419 (printed page = PDF page).,COULD NOT VERIFY,Confirmed October 9 (sec.gov files)
B-01,"11, 12","Nasdaq, Inc. letter, p. 4: ""One listed company estimated that it spent between $500,000 and $1 million annually with independent auditors to comply with this disclosure obligation and observed that such expenses could be better deployed on research & development.""",Comment-letter content,9,"Confirmed verbatim against the letter on sec.gov, at the page cited.",COULD NOT VERIFY,Confirmed October 9 (sec.gov files)
B-02,12,"OPERS letter, p. 9: ""Without an independent ""gatekeeper,"" management's assessment is inherently less credible – in effect, investors are being asked to trust the numbers with one fewer check on the system that produced them.""",Comment-letter content,9,"Confirmed verbatim against the letter on sec.gov, at the page cited.",COULD NOT VERIFY,Confirmed October 9 (sec.gov files)
B-03,11 (Exhibit 5 note),"Avalo Therapeutics letter, p. 1: the CFO's letter reads ""between $500–$1M annually"".",Comment-letter content,9,"Fixed in v3: the web comment reads ""between $500-$1M annually"" (hyphen); cited as a web comment.",COULD NOT VERIFY,Fixed in v3
B-04,"11, 12 (and Exhibit 5)","Society for Corporate Governance, p. 7: survey ""with nearly 50 responses""; 21% at $500k–$1M and 18% at $1M–$5M; among those expecting NAF status, 23% and 8%; 12% would likely keep, 15% would drop, 52% depend on investor demand.",Comment-letter content,9,Corrected in v2 from the primary source.,VERIFIED-WITH-NUANCE,Fixed in v2
B-05a,14,"Dambra letter, p. 2: ""While I do not expect the regulation to increase IPO activity in the United States, our research indicates that scaling back the burdens of being public enhances the frequency and efficiency of corporate investment and innovation""",Comment-letter content,9,"Confirmed verbatim against the letter on sec.gov, at the page cited.",COULD NOT VERIFY,Confirmed October 9 (sec.gov files)
B-05b,14,"""The academic whose study the release cites … supports the proposal"".",Comment-letter content,9,"Corrected in v3 against the letter: he supports the proposal (p. 2) and warns it is ""not costless"" (p. 5).",NOT SUPPORTED,Fixed in v3
B-06,15,"Rajgopal, Wong and Zhao, pp. 2 and 4: auditor-reported ineffective ICFR at 8.5% for $700M–$2B vs 3.8% above $2B; the typical newly exempted company, with $250M–$2B of float, is followed by 4 to 6 analysts vs 12.",Comment-letter content,9,"Confirmed verbatim against the letter on sec.gov, at the page cited.",COULD NOT VERIFY,Confirmed October 9 (sec.gov files)
B-07,15,"Linklaters LLP, p. 2: ""We believe this gap will make U.S. listings significantly less attractive for foreign issuers, thereby reducing the investment opportunities available to U.S. investors.""",Comment-letter content,9,"Confirmed verbatim against the letter on sec.gov, at the page cited.",COULD NOT VERIFY,Confirmed October 9 (sec.gov files)
B-08,17,"An advisory firm that does not audit, p. 3: ""the 404(a) process tends over time toward formalism"".",Comment-letter content,9,"Confirmed verbatim against the letter on sec.gov, at the page cited.",COULD NOT VERIFY,Confirmed October 9 (sec.gov files)
B-09,17,"An academic committee's letter, p. 7, citing a 2017 study of small companies: 404(a) alone ""only results in the discovery and disclosure of about half of issuers with ineffective internal controls"".",Comment-letter content,9,Committee and page confirmed against the letter.,COULD NOT VERIFY,Confirmed October 9 (sec.gov files)
B-10,15,"An audit firm, p. 4: companies between its preferred line and $2B are generally ""large and seasoned public companies rather than the private companies weighing whether to enter the public markets"".",Comment-letter content,9,"Confirmed verbatim against the letter on sec.gov, at the page cited.",COULD NOT VERIFY,Confirmed October 9 (sec.gov files)
B-11,10,"""One firm estimates that only six firms would perform integrated audits for ten or more issuers.""",Comment-letter content,9,Corrected in v2 from the primary source.,VERIFIED-WITH-NUANCE,Fixed in v2
B-12,11,"""The one study on the file that measured the cost of capital after an actual exemption, for low-revenue issuers in 2020, found no significant difference."" Which letter cites it?",Comment-letter content,8,Same sentence as A2-06.,VERIFIED-WITH-NUANCE,Fixed in v2
B-13,11,"Investors' cost-of-capital figures ""trace largely to one 2009 study of companies whose control deficiencies were later cleared by an auditor"".",Comment-letter content,9,Corrected in v2 from the primary source.,VERIFIED-WITH-NUANCE,Fixed in v2
B-14a,9,"""192 entries, the latest dated September 8, 2026"" (coded ""as posted on October 5, 2026"").",Comment-file count,9,Snapshot wording fixed; the three late letters are read and noted.,INCORRECT,Confirmed October 9 (sec.gov files)
B-14b,9,The docket includes SEC staff memoranda and a roundtable transcript.,Comment-file count,9,Memoranda and the July 13 roundtable transcript are both on the listing.,VERIFIED-WITH-NUANCE,Confirmed October 9 (sec.gov files)
B-14c,10,"""a letter with more than 100 academic signatories"".",Comment-file count,9,Corrected in v2 from the primary source.,VERIFIED-WITH-NUANCE,Fixed in v2
B-14d,10,"""a joint letter from 49 organizations"".",Comment-file count,9,Corrected in v2 from the primary source.,VERIFIED,Fixed in v2
B-14e,9 (Exhibit 4 note),The Texas Society of CPAs letter could not be opened on the docket and was read from the society's website.,Comment-file count,9,"The listing's link for the Texas Society entry is broken on sec.gov, as the note says.",COULD NOT VERIFY,Confirmed October 9 (sec.gov files)
B-15,"13 (Exhibit 6, not Exhibit 4)","""the manufacturers' association"" asked for a $10 billion line.",Comment-letter content,,The manufacturers' association label is no longer in v2.,VERIFIED-WITH-NUANCE,Nuance noted; wording kept
C-01,10 (also p.9),"Eleven of the 20 largest US accounting firms in the 2026 IPA list wrote, including the Big Four.",Comment-file count,9,Matches the primary source.,VERIFIED,No change needed
C-02,9,Nine of the IPA top 20 filed nothing.,Comment-file count,9,Matches the primary source.,VERIFIED,No change needed
C-03,9,"AICPA (own name), IIA, FEI and IMA filed nothing.",Comment-file count,8,Matches the source; the nuance is noted and the wording was kept.,VERIFIED-WITH-NUANCE,Nuance noted; wording kept
C-04,10,Plus one advisory firm that does not audit.,Comment-file count,8,Matches the source; the nuance is noted and the wording was kept.,VERIFIED-WITH-NUANCE,Nuance noted; wording kept
C-05,"10, 2","Of the 12: nine said the exemption is or may be too broad, two took no side, one supported.",Comment-file count,9,The 9 / 2 / 1 split holds against the letters.,VERIFIED-WITH-NUANCE,Confirmed October 9 (sec.gov files)
C-06,"2, 10","None endorsed the $2bn line as drawn (tile ""0 of 11"").",Comment-file count,9,No firm endorsed $2 billion as drawn.,VERIFIED-WITH-NUANCE,Confirmed October 9 (sec.gov files)
C-07,10,Five letters (four audit firms plus the advisory firm) named a fix: >$700M; ~$1.1bn; inflation adjustment; $1.235bn revenue limit; keep after a recent material weakness (MW).,Comment-file count,9,All five named fixes confirmed against the letters.,VERIFIED-WITH-NUANCE,Confirmed October 9 (sec.gov files)
C-08,10,Four audit firms say the exempt group may be too wide but give no number; this row lists refreshed PCAOB guidance among their asks.,Comment-file count,9,The ask for refreshed PCAOB guidance is in one firm's letter (p. 4).,VERIFIED-WITH-NUANCE,Confirmed October 9 (sec.gov files)
C-09,10,Two say there is not enough evidence: ask investors first and redo the cost estimate.,Comment-file count,9,Matches the primary source.,VERIFIED,No change needed
C-10,10,"One firm said ""let the market decide"" yet suggested a line below $2bn.",Comment-file count,9,"Confirmed: ""largely be market driven"" (p. 2) and ""Consider a lower threshold than $2 billion"" (p. 3).",COULD NOT VERIFY,Confirmed October 9 (sec.gov files)
C-11,"10, 16",Seven firms said the FS audit will absorb part of the work.,Comment-file count,9,"Seven confirmed; v3 hedges it to ""would absorb"", as most letters do.",COULD NOT VERIFY,Fixed in v3
C-12,"2, 10","Ten of the 11 audit firms questioned a flat 60-month on-ramp (tile ""10 of them"").",Comment-file count,9,Ten of 11 confirmed against all 11 letters; the exception agrees an on-ramp should exist.,VERIFIED-WITH-NUANCE,Confirmed October 9 (sec.gov files)
C-13,10,One firm estimates that only six firms would perform integrated audits for 10+ issuers.,Comment-file count,9,Matches the primary source.,VERIFIED,No change needed
C-14,14,"An audit firm calls companies between its line and $2bn ""large and seasoned public companies rather than the private companies weighing whether to enter the public markets"" (p.4).",Comment-file count,9,"Confirmed verbatim against the letter on sec.gov, at the page cited.",COULD NOT VERIFY,Confirmed October 9 (sec.gov files)
C-15,17,"The advisory firm: without attestation ""the 404(a) process tends over time toward formalism"" (p.3).",Comment-file count,9,"Confirmed verbatim against the letter on sec.gov, at the page cited.",COULD NOT VERIFY,Confirmed October 9 (sec.gov files)
C-16,9,Exhibit 4 bars sum to 32 support / 11 no position / 32 too broad / 43 do not expand = 118.,Comment-file count,9,Matches the primary source.,VERIFIED,No change needed
C-17,"9, 13","32 ""support the exemption or want more"" (Exh. 4) vs 24 ""supported the $2bn level"" (§5).",Comment-file count,9,Corrected in v2 from the primary source.,VERIFIED-WITH-NUANCE,Fixed in v2
C-18,"9, 13","43 ""do not expand"" vs ""9 opposed any increase"".",Comment-file count,9,Corrected in v2 from the primary source.,VERIFIED-WITH-NUANCE,Fixed in v2
C-19,2,"""Every company, exchange and industry association that took a side supported the exemption.""",Comment-file count,9,Corrected in v2 from the primary source.,VERIFIED-WITH-NUANCE,Fixed in v2
C-20,13,55 of 74 that addressed the on-ramp rejected or questioned a flat 60 months.,Comment-file count,5,55 of 74 is our coding; not re-derived.,COULD NOT VERIFY,Open: needs a check
C-21,13,13 proposed a revenue test or asked the SEC to consider one.,Comment-file count,5,At least six found; 13 is our coding.,COULD NOT VERIFY,Open: needs a check
C-22,13,$2bn level: 24 support / 15 lower / 3 higher / 9 opposed any increase.,Comment-file count,5,"The 24 / 15 / 3 / 9 split of 51 is our coding; the third ""higher"" commenter is unconfirmed.",COULD NOT VERIFY,Open: needs a check
C-23,13 (Exh. 6),"$10bn ""asked for by three commenters, among them the manufacturers' association"".",Comment-file count,,The $10bn label is no longer in v2.,VERIFIED-WITH-NUANCE,Fixed in v2
C-24,"13, 2, 16","Interim relief: one association and two issuers (§5); ""three commenters"" (exec summary and §7).",Comment-file count,8,Matches the source; the nuance is noted and the wording was kept.,VERIFIED-WITH-NUANCE,Nuance noted; wording kept
C-25,"13, 17",4 asked for disclosure of whether an attestation was obtained.,Comment-file count,5,Four commenters asking for disclosure is our coding; not all four confirmed.,COULD NOT VERIFY,Open: needs a check
C-26,13,"Law firms asked for FPI parity, now or in the foreign issuer rulemaking.",Comment-file count,8,Matches the source; the nuance is noted and the wording was kept.,VERIFIED-WITH-NUANCE,Nuance noted; wording kept
C-27,9,"Docket snapshot ""as posted on October 5, 2026"", latest entry dated Sep 8; 192 entries.",Comment-file count,9,Corrected in v2 from the primary source.,VERIFIED-WITH-NUANCE,Fixed in v2
D-01,4 (Exh. 1),2002: SOX enacted; accelerated filer line set at $75M of public float (Release 33-8128).,History and standards,9,Matches the primary source.,VERIFIED,No change needed
D-02,"4 (Exh. 1, source note)","First auditor attestations, from accelerated filers, for fiscal years ending on or after November 15, 2004 (Release 33-8392).",History and standards,9,Matches the primary source.,VERIFIED,No change needed
D-03,"4 (Exh. 1, text)","LAF line set at $700M in 2005 (Release 33-8644, December 2005).",History and standards,9,Matches the primary source.,VERIFIED,No change needed
D-04,"4 (Exh. 1, §1)",2007: SEC guidance for management (33-8810) and PCAOB AS 5.,History and standards,9,Matches the primary source.,VERIFIED,No change needed
D-05,4,"2010: Congress exempted non-accelerated filers ""after the SEC had deferred them since 2003"".",History and standards,9,Corrected in v2 from the primary source.,INCORRECT,Fixed in v2
D-06,4 (Exh. 1),2010: Dodd-Frank exempts non-accelerated filers by statute (§989G).,History and standards,9,Matches the primary source.,VERIFIED,No change needed
D-07,4 (Exh. 1),2012: JOBS Act; EGCs exempt for up to five years.,History and standards,9,Matches the primary source.,VERIFIED,No change needed
D-08,4,2020: SEC took issuers with revenue under $100M out of accelerated filer status (Release 34-88365).,History and standards,9,Corrected in v2 from the primary source.,VERIFIED-WITH-NUANCE,Fixed in v2
D-09,"2, 4","Section 404(b) ""has been scaled or narrowed four times"" (2007, 2010, 2012, 2020); the proposal would be the fifth.",History and standards,8,Four major steps since 2005 is fair; a reader could count the repeated deferrals as more.,VERIFIED-WITH-NUANCE,Nuance noted; wording kept
D-10,"2, 4 (Exh. 1 + caption)","At adoption the line ""captured 18% of companies ... nearly 95% of public float""; today 35.4% of registrants and 98.8% of float. The caption calls these ""shares of listed companies"".",History and standards,9,Corrected in v2 from the primary source.,VERIFIED-WITH-NUANCE,Fixed in v2
D-11,4,CPI-adjusted line $1.15bn; S&P 500-proportionate $3.85bn.,History and standards,9,Matches the primary source.,VERIFIED,No change needed
D-12,4,Fewer than 6% of exempt registrants obtained an attestation voluntarily in 2024.,History and standards,9,Matches the primary source.,VERIFIED,No change needed
D-13,5-6 (Exh. 3),"Annual restatements 2013-2022: 858, 834, 732, 667, 554, 538, 472, 374, 362, 402.",History and standards,9,Matches the primary source.,VERIFIED,No change needed
D-14,6 (Exh. 3 source),"The count excludes 1,155 restatements by blank-check companies that followed the April 2021 SEC staff statement on warrants.",History and standards,9,Matches the primary source.,VERIFIED,No change needed
D-15,"5 (text, Exh. 3 tile)","The Center counts ""a 60% decline from 2006 to 2009"".",History and standards,9,Matches the primary source.,VERIFIED,No change needed
D-16,5,Restatements rose in the first three years of the Act and have fallen since.,History and standards,9,Corrected in v2 from the primary source.,VERIFIED,Fixed in v2
D-17,6 (Exh. 3 source),The Center says it is too early to tell whether the rise in 2022 is a turn.,History and standards,9,Matches the primary source.,VERIFIED,No change needed
D-18,"5, 6","Ideagen Audit Analytics recorded 391 in 2025, the second lowest year in its 20-year database.",History and standards,9,Matches the primary source.,VERIFIED,No change needed
D-19,6 (Exh. 3 source),"The 2025 figure is ""counted on a different basis"".",History and standards,9,Corrected in v2 from the primary source.,VERIFIED-WITH-NUANCE,Fixed in v2
D-20,5-6 (Exh. 3 scope),Request: a fuller series for one consistent post-SOX chart.,History and standards,,"A request for data, not a claim in the paper.",COULD NOT VERIFY,Open: needs a check
D-21,"2, 5","2011 staff study: auditor testing ""has generally resulted in the disclosure of internal control deficiencies"" not previously disclosed, and the attestation ""appears to have a positive impact on the informativeness of internal control disclosures and financial reporting quality"". The release repeats both.",History and standards,9,Corrected in v2 from the primary source.,VERIFIED-WITH-NUANCE,Fixed in v2
D-22,6,"""an independent test that, in the SEC staff's own study of accelerated filers, found what management had not.""",History and standards,9,Corrected in v2 from the primary source.,VERIFIED-WITH-NUANCE,Fixed in v2
D-23,6,"Survey of insiders in 2008 and 2009: respondents judged 404(b) benefits to outweigh costs, ""especially as they gained experience with section 404(b)""; fewer answered that question.",History and standards,8,"v3 attributes 2,901 to the study, not the release; the study's reading is ours.",INCORRECT,Fixed in v3
D-24,6,Compliance costs fell after 2007 (AS 5 and SEC guidance).,History and standards,9,Matches the primary source.,VERIFIED,No change needed
D-25,"17 (§7.2 table, row 1)","Without the attestation, the auditor must still understand the design and implementation of relevant controls.",History and standards,9,Matches the primary source.,VERIFIED,No change needed
D-26,17 (row 2),"Without the attestation, controls are tested where the auditor relies on them or cannot get enough evidence without them.",History and standards,8,Matches the source; the nuance is noted and the wording was kept.,VERIFIED-WITH-NUANCE,Open: optional
D-27,17 (row 3),"Deficiencies the auditor finds: ""Reported in writing to management and the audit committee"" with attestation; ""Unchanged"" without.",History and standards,9,Corrected in v2 from the primary source.,INCORRECT,Fixed in v2
D-28,17 (row 5),"A material weakness management has not reported: the auditor says so in its report (with attestation); without it, it goes to management and the audit committee ""to weigh in management's assessment"".",History and standards,9,Corrected in v2 from the primary source.,VERIFIED-WITH-NUANCE,Fixed in v2
D-29,17 (source),AS 5 is now AS 2201.,History and standards,9,Matches the primary source.,VERIFIED,No change needed
D-30,"8, 16","Banks stay subject to the FDIC's attestation rule, ""which since January 1, 2026 applies at $5 billion of assets or more"".",History and standards,9,Corrected in v2 from the primary source.,VERIFIED-WITH-NUANCE,Fixed in v2
D-31,17,"A 2017 study of small companies: Section 404(a) alone ""only results in the discovery and disclosure of about half of issuers with ineffective internal controls"".",History and standards,8,Matches the source; the nuance is noted and the wording was kept.,VERIFIED-WITH-NUANCE,Nuance noted; wording kept
D-32,6-7 (§2.1 table),Deadlines: LAF 10-K 60 / 10-Q 40; AF 75 / 40; NAF 90 / 45.,History and standards,9,Matches the primary source.,VERIFIED,No change needed
D-33,7,"SRC: float under $250M, or revenue under $100M with float under $700M.",History and standards,9,Matches the primary source.,VERIFIED,No change needed
D-34,7,"EGC: revenue under $1.235bn, for up to five years after IPO.",History and standards,9,Matches the primary source.,VERIFIED,No change needed
D-35,6 (LAF row),LAF: not eligible as an SRC on the revenue test.,History and standards,9,Matches the primary source.,VERIFIED,No change needed
D-36,"2, 10, 17 (missing)",Recent PCAOB development: no ICFR or AS 2201 project is on the PCAOB's agenda. Firms on the file asked for refreshed PCAOB guidance on auditing internal control (p. 10).,History and standards,9,Corrected in v2 from the primary source.,VERIFIED,Fixed in v2
D-37,17 (missing),"Recent PCAOB development: QC 1000, with conforming amendments to AS 2201, takes effect December 15, 2026.",History and standards,9,Matches the primary source.,VERIFIED,No change needed
D-38,17 (missing),Recent PCAOB development: inspection focus is moving to firms' quality control systems.,History and standards,9,Matches the primary source.,VERIFIED,No change needed
E-01,14 (Exh. 7; body text),"US listed companies: 8,090 in 1996, which is the peak",Market data,9,Matches the primary source.,VERIFIED,No change needed
E-02,14-15 (Exh. 7; p.15 text),"6,177 at end-2001",Market data,9,Matches the primary source.,VERIFIED,No change needed
E-03,14 (Exh. 7),"Chart labels 4,102 and 4,774",Market data,9,Matches the primary source.,VERIFIED,No change needed
E-04,14 (Exh. 7; body text),"3,908 in 2025",Market data,9,Matches the primary source.,VERIFIED,No change needed
E-05,15,"(8,090 − 6,177)/(8,090 − 3,908) = 46%",Market data,9,Matches the primary source.,VERIFIED,No change needed
E-06,14 (source note),"WB/WFE indicator: ""including foreign companies listed only there and excluding investment funds""; ""updated July 13, 2026""",Market data,9,Corrected in v2 from the primary source.,VERIFIED-WITH-NUANCE,Fixed in v2 (panel title and note)
E-07,14 (Exh. 7),2021: 397 IPOs / $142.4bn,Market data,9,Matches the primary source.,VERIFIED,No change needed
E-08,14 (Exh. 7),2022: 71 / $7.7bn,Market data,9,Matches the primary source.,VERIFIED,No change needed
E-09,14 (Exh. 7),2023: 109 / $19.5bn,Market data,9,Corrected in v2 from the primary source.,VERIFIED-WITH-NUANCE,Fixed in v2
E-10,14 (Exh. 7),2024: 150 / $29.6bn,Market data,9,Matches the primary source.,VERIFIED,No change needed
E-11,14 (Exh. 7),2025: 202 / $44.0bn,Market data,9,Matches the primary source.,VERIFIED,No change needed
E-12,14-15,"Jan-Sep 2026: 112 / $147.5bn; ""the sum of the three quarterly reviews""",Market data,8,Sum of the three 2026 quarterly reviews as restated in the Q3 review; may move with later restatement.,VERIFIED-WITH-NUANCE,Fixed in v2
E-13,15,"$147.5bn is ""more than in all of 2021""",Market data,9,Matches the primary source.,VERIFIED,No change needed
E-14,14 (source note),"Renaissance scope: IPOs and direct listings ≥$50M; excluding CEFs, SPACs and, from 2026, unit offerings",Market data,9,Matches the primary source.,VERIFIED,No change needed
E-15,14-15,SpaceX $75.0bn,Market data,9,Matches the primary source.,VERIFIED,No change needed
E-16,14-15,"SK hynix $26.5bn, ""already listed in Korea""",Market data,9,Corrected in v2 from the primary source.,VERIFIED,Fixed in v2
E-17,14-15,Two offerings = $101.5bn,Market data,9,Matches the primary source.,VERIFIED,No change needed
E-18,14,"""authors of one of those studies, in a 2025 update, date the US listing gap to 1999, three years before Sarbanes-Oxley""",Cross-border,9,Corrected in v2 from the primary source.,VERIFIED-WITH-NUANCE,Fixed in v2
E-19,"15, 18",FPI on Form 20-F keeps the auditor's attestation from $75M of float,Cross-border,9,Corrected in v2 from the primary source.,VERIFIED-WITH-NUANCE,Fixed in v2
E-20,"15, 18",Separate FPI rulemaking (context),Cross-border,9,Corrected in v2 from the primary source.,VERIFIED,Fixed in v2
E-21,15,"Release concedes FPI treatment ""could result in competitive disadvantages""",Cross-border,9,Matches the primary source.,VERIFIED,No change needed
E-22,18,"India: s.143(3)(i) auditor reports on adequacy and operating effectiveness of IFC with reference to financial statements, listed and unlisted, ""apart from certain small private companies""",Cross-border,9,Corrected in v2 from the primary source.,VERIFIED-WITH-NUANCE,Fixed in v2
E-23,18 (brief's cite),"Exemption conditions ""turnover under ₹50 crore and borrowings under ₹25 crore""",Cross-border,9,Corrected in v2 from the primary source.,INCORRECT,Fixed in v2
E-24,18,Exemption still in force in 2026,Cross-border,8,Practitioner guides from July and August 2026 say the exemption still applies; not confirmed on mca.gov.in.,VERIFIED-WITH-NUANCE,Nuance noted; wording kept
E-25,18,ADAA requires the auditor to report on ICFR effectiveness at the entities it oversees,Cross-border,9,Corrected in v2 from the primary source.,VERIFIED,Fixed in v2
E-26,18,"""UAE listed companies are reported to be in a phased move toward an auditor's opinion on internal control""",Cross-border,8,"Primary regulator requirement found; how far it has been phased in is reported, not confirmed.",VERIFIED-WITH-NUANCE,Fixed in v2
E-27,18,Saudi Arabia: board's annual review; audit committee's published opinion,Cross-border,9,Corrected in v2 from the primary source.,VERIFIED,Fixed in v2
E-28,19,"""global team of 700+ professionals""",About Uniqus,9,Updated to your figures: 800 professionals.,INCORRECT,Fixed in v2
E-29,19,"""85+ Partners & Directors""",About Uniqus,9,Updated to your figures: 100 Partners and Directors.,INCORRECT,Fixed in v2
E-30,19,"""eleven offices in the USA, the Middle East, and India""",About Uniqus,9,Updated to your figures: 13 offices.,INCORRECT,Fixed in v2
E-31,19,"""more than 400 clients""",About Uniqus,9,Matches the primary source.,VERIFIED,No change needed
E-32,19,"Investors Nexus Venture Partners, Sorin Investments, UST",About Uniqus,9,Matches the primary source.,VERIFIED,No change needed
E-33,19,"Co-founders Jamil Khatri and Sandip Khetan; Khetan is ""Co-Founder and Global Head of Accounting & Reporting Consulting"" (p.19)",About Uniqus,9,Matches the primary source.,VERIFIED,No change needed
E-34,19,"Anu Chaudhary, over 25 years' experience, Global Head of Sustainability & Climate Consulting",About Uniqus,9,Matches the primary source.,VERIFIED,No change needed
E-35,19,"Service list ""Accounting & Reporting, GRC, Sustainability & Climate, and Tech Consulting""; ""global tech-enabled""",About Uniqus,9,"Updated boilerplate, Valuations added.",INCORRECT,Fixed in v2
S-01,13 (Exh. 5 source),"Society for Corporate Governance letter ""(pp. 6 to 8; member survey that ""attracted nearly 50 responses"")""",Page cite,9,"Fixed from the Society's own copy of the letter (p. 7; survey size at p. 1, note 1).",INCORRECT,Fixed in v2
S-02,13 (§4.1),"""39% of respondents put the attestation's cost at $500,000 or more a year, but only 3% expect to save more than $500,000, and 55% could not quantify the saving at all (pp. 6 and 7)""",Comment-letter content,9,Corrected in v2 from the primary source.,VERIFIED-WITH-NUANCE,Fixed in v2
S-03,19 (decision 3),"""97% named investor expectations and analyst coverage as a deciding factor and 65% debt or equity offering requirements""",Comment-letter content,9,Corrected in v2 from the primary source.,VERIFIED-WITH-NUANCE,Fixed in v2
S-04,11 (§3; Exh. 4 source),"Snapshot ""as posted on October 5, 2026 … 192 entries, the latest dated September 8, 2026; letters posted since are not counted""",Comment-file count,9,All three late letters read; their positions are stated in the Exhibit 4 note.,VERIFIED-WITH-NUANCE,Fixed in v3
S-05,11 (Exh. 4 source),"""One letter, from the Texas Society of CPAs, could not be opened on the docket and was read from the society's website.""",Comment-file count,9,"Confirmed: the link returns ""page not found"".",COULD NOT VERIFY,Confirmed October 9 (sec.gov files)
S-06,14 (§4.2),12% would likely keep the attestation; 15% confident they would drop it; 52% depends on investor demand,Comment-letter content,9,Matches the primary source.,VERIFIED,No change needed
S-07,13 (Exh. 5 source),21% / 18% of respondents; 23% / 8% of those expecting exemption,Comment-letter content,9,Matches the primary source.,VERIFIED,No change needed
S-08,"5, 15 (§1 text; Exh. 6 source)",p. 42 for the $1.15 billion (CPI) and $3.85 billion (S&P 500) lines,Page cite,9,Confirmed against the SEC PDF of Release 33-11419 (printed page = PDF page).,COULD NOT VERIFY,Confirmed October 9 (sec.gov files)
S-09,6 (Exh. 2 source),"EA Tables 5, 6 and 7 at pp. 139 to 142",Page cite,9,Confirmed against the SEC PDF of Release 33-11419 (printed page = PDF page).,COULD NOT VERIFY,Confirmed October 9 (sec.gov files)
S-10,15 (Exh. 6 source),EA Table 13 at p. 207,Page cite,9,Confirmed against the SEC PDF of Release 33-11419 (printed page = PDF page).,COULD NOT VERIFY,Confirmed October 9 (sec.gov files)
S-11,5 (Exh. 1 source),"pp. 12, 20 to 34, 40 to 42 and 150",Page cite,9,Confirmed against the SEC PDF of Release 33-11419 (printed page = PDF page).,COULD NOT VERIFY,Fixed in v3
S-12,7-8 (§2 table source),"pp. 9 to 13, 20 to 21, 28 to 33, 37 to 48, 56, 66 to 69, 83, 96 and 103",Page cite,9,Confirmed against the SEC PDF of Release 33-11419 (printed page = PDF page).,COULD NOT VERIFY,Fixed in v3
S-13,"13, 18 (Exh. 5, Exh. 8 sources)","Exh. 5 pp. 153 to 155 and 214 to 218; Exh. 8 pp. 43 to 48, 87 to 89, 114 to 116, 149, 152 and 205",Page cite,9,Confirmed against the SEC PDF of Release 33-11419 (printed page = PDF page).,COULD NOT VERIFY,Confirmed October 9 (sec.gov files)
S-14,20 (§7.2 table source),"pp. 61, 62 and 139",Page cite,9,"p. 139 holds both the start of EA Table 5 and n. 315, so both cites are right.",COULD NOT VERIFY,Confirmed October 9 (sec.gov files)
S-15,14 (§4 compare box),"Nasdaq, Inc. letter, p. 4: ""One listed company estimated that it spent between $500,000 and $1 million annually with independent auditors to comply with this disclosure obligation …""",Page cite,9,"Confirmed verbatim against the letter on sec.gov, at the page cited.",COULD NOT VERIFY,Confirmed October 9 (sec.gov files)
S-16,14 (§4 compare box),"OPERS letter, p. 9",Page cite,9,"Confirmed verbatim against the letter on sec.gov, at the page cited.",COULD NOT VERIFY,Confirmed October 9 (sec.gov files)
S-17,16 (§6 callout),"Dambra letter, p. 2, quotation cut with ""…""",Page cite,9,"Confirmed verbatim against the letter on sec.gov, at the page cited.",COULD NOT VERIFY,Confirmed October 9 (sec.gov files)
S-18,17 (§6.1),"Linklaters LLP letter, p. 2",Page cite,9,"Confirmed verbatim against the letter on sec.gov, at the page cited.",COULD NOT VERIFY,Confirmed October 9 (sec.gov files)
S-19,20 (§7.2),"The advisory firm (Connor Group), p. 3: ""the 404(a) process tends over time toward formalism""",Page cite,9,"Confirmed verbatim against the letter on sec.gov, at the page cited.",COULD NOT VERIFY,Confirmed October 9 (sec.gov files)
S-20,20 (§7.2),"AAA Financial Reporting Policy Committee, p. 7",Page cite,9,"The quote is the Financial Reporting Policy Committee's, at p. 7, citing Ge, Koester and McVay (2017).",COULD NOT VERIFY,Confirmed October 9 (sec.gov files)
S-21,17 (§6.1),"The audit firm (Crowe), p. 4: ""large and seasoned public companies rather than the private companies weighing whether to enter the public markets""",Page cite,9,"Confirmed verbatim against the letter on sec.gov, at the page cited.",COULD NOT VERIFY,Confirmed October 9 (sec.gov files)
S-22,17 (§6.1),"Rajgopal, Wong and Zhao, pp. 2 to 4: 12.8%, 8.5%, 3.8%; 4 to 6 analysts against 12",Page cite,9,"Confirmed verbatim against the letter on sec.gov, at the page cited.",COULD NOT VERIFY,Confirmed October 9 (sec.gov files)
S-23,13 (§4.1; Exh. 5),"Avalo Therapeutics CFO letter, p. 1: ""between $500–$1M annually""",Comment-letter content,9,"Fixed in v3: hyphen, and cited as a web comment (June 24, 2026).",COULD NOT VERIFY,Fixed in v3
S-24,"12, 19 (§3.1; decision 4)","""Seven firms said the financial statement audit will absorb part of the work""",Comment-file count,9,Seven confirmed from the letters: three on sec.gov plus four from the firms' own copies.,COULD NOT VERIFY,Fixed in v3
S-25,"2, 11 (tiles; §3)",192 entries; 172 distinct commenters; a roundtable transcript on the docket,Comment-file count,7,"The October 9 listing has 195 entries. Netting the late and removed letters gives 192 or 193 at October 5; distinct commenters reconcile to within one or two, depending on how anonymous and cross-filed letters are treated.",COULD NOT VERIFY,Confirmed October 9; recount differs by one or two
S-26,"2, 11, 15","Coding counts: tile ""12 of 118""; ""Twenty of them named a different line or test""; §5 ""55 of 74""; ""13"" revenue test; 24/15/3/9 of 51",Comment-file count,5,Our own coding of the letters. Needs a full re-read of the docket to re-derive.,COULD NOT VERIFY,Open: needs a check
R-01,6 (Exh. 3),"Exhibit 3, Ideagen basis: 391 restatements in 2025",History and standards,9,"Ideagen's own May 2026 report page: ""from 477 to 391""; Accounting Today confirms 2020 at 375.",VERIFIED,Added in v2
R-02,6 (Exh. 3),"Exhibit 3, Ideagen basis: 477 in 2024",History and standards,9,Same Ideagen page. The 2025 edition said 479; v2 uses the latest vintage.,VERIFIED,Added in v2
R-03,6 (Exh. 3),"Exhibit 3, Ideagen basis: 434 in 2023",History and standards,7,From a secondary report of the 2025 edition; the 2024 edition said 430. The full report is behind a sign-up form.,VERIFIED-WITH-NUANCE,Added in v2
R-04,6 (Exh. 3),"Exhibit 3, Ideagen basis: 458 in 2022 (marked *)",History and standards,7,From Bloomberg Tax's report of the 2024 edition; later editions may restate it.,VERIFIED-WITH-NUANCE,Added in v2
U-01,21-22,How Uniqus Can Help: durations and scope of each offer,About Uniqus,9,"These are our proposals, not facts yet. They need your sign-off.",VERIFIED,"Confirmed by the author, October 9"
