E-18	The authors of one of those studies, in a 2025 update, date the "             "US listing gap to 1999, three years before Sarbanes-Oxley.")	Three of the authors of one of those studies, updating it in 2025 "             "with a co-author, date the US listing gap to 1999, three years before Sarbanes-Oxley, and find "             "that it widened only slowly t
E-19/E-20	A foreign private issuer on Form "             "20-F still needs the auditor's opinion at $75 million of float while a domestic competitor is "             "exe	A foreign private issuer on Form "             "20-F would still need the auditor's opinion once its worldwide public float reaches $75 million, "             "unless it is an emerging growth company, while a domestic co
E-19	    "<b>Foreign private issuers.</b> A company from India or the Gulf that lists in the US on Form 20-F keeps the "     "auditor's opinion from $75 million of f	    "<b>Foreign private issuers.</b> A company from India or the Gulf that lists in the US on Form 20-F keeps the "     "auditor's opinion from $75 million of worldwide float unless it is an emerging growth company, or i
E-22	effectively, for listed and unlisted companies alike, apart from certain small private companies. A US parent "     "that drops	effectively, for listed and unlisted companies alike. Private companies are exempt if they are one person "     "or small companies, or have turnover under INR 50 crore or borrowings under INR 25 crore, and are up to dat
E-25/E-26/E-27	    "<b>The UAE is moving the other way.</b> Abu Dhabi's Accountability Authority requires the auditor to report on "     "the effectiveness of internal control	    "<b>The UAE is moving the other way.</b> Abu Dhabi's Accountability Authority requires the auditor to report on "     "the effectiveness of internal control over financial reporting at the entities it oversees (Chair
E-35	Uniqus Consultech is a global '          'tech-enabled consulting company specializing in Accounting &amp; Reporting, Governance, Risk &amp; '          'Complia	Uniqus Consultech is an AI and global '          'tech-enabled consulting company that specializes in Accounting &amp; Reporting Consulting, Governance, '          'Risk &amp; Compliance, Sustainability &amp; Climate Con
E-28/29/30	Uniqus has a global team of 700+ professionals led by 85+ Partners &amp; '          'Directors across eleven offices	Uniqus has a global team of 800 professionals, led by 100 Partners and '          'Directors, across 13 offices
E-06	including foreign companies listed only there and excluding investment funds; 1996 is the peak. "	including foreign companies listed only there and excluding investment funds and holding companies, so a "         "foreign company also listed at home is not counted; 1996 is the peak. "
E-09/E-12/E-16	funds, SPACs and, from 2026, unit offerings. 2026 is January to September. The two offerings are SpaceX "         "($75.0 billion) and SK hynix ($26.5 billion),	funds, SPACs and, from 2026, unit offerings. 2023 is as restated in Renaissance's quarterly series (earlier "         "reviews: 108 IPOs, $19.4 billion); 2026 is January to September, as restated in the 3Q 2026 review. T
A1-04	        H.p("Most finance leaders read the SEC's May 2026 filer status proposal as a cost saving "	        H.p("Most finance leaders read the SEC's filer status proposal of May 19, 2026 (Release No. "             "33-11419, <em>Enhancement of Emerging Growth Company Accommodations and Simplification of Filer "        
A1-06	adoption it captured 18% of companies, and today it captures <b>35.4% of registrants</b>. "	adoption it captured 18% of companies on US markets, and today it captures <b>35.4% of registrants</b>. "
A1-09	and in 2020 the SEC took issuers "             "with revenue under $100 million out of accelerated filer status.")	and in 2020 the SEC took issuers "             "eligible to be smaller reporting companies with revenue under $100 million out of accelerated and "             "large accelerated filer status.")
A1-16	        H.p("The $700 million line was set in 2005 and has not moved. At adoption it captured 18% of "             "companies; today the same line captures <b>3	        H.p("The $700 million line was set in 2005 and has not moved. At adoption it captured 18% of "             "companies on US markets; today the same line captures <b>35.4% of registrants</b>. The SEC did "        
A1-22/A1-20/A1-21	                  "Source: SEC Release 33-11419, EA Tables 5, 6 and 7 (pp. 139 to 142), SEC staff analysis of "                   "Audit Analytics data. Categor	                  "Source: SEC Release 33-11419, EA Tables 5, 6 and 7 (pp. 118 to 122), SEC staff analysis of "                   "Audit Analytics data. Categories are 2024 filer status under the current rules. EA Tables
A1-24	rate for non-accelerated filers is “only slightly higher” than for accelerated filers. "	rate for non-accelerated filers is “only slightly higher” than for accelerated filers, and the "             "non-accelerated group holds more low- or zero-revenue issuers, which restate less often. "
A1-27	though "             "fewer answered that question than others.	though "             "the response rate to that question was lower than for others.
A1-30	the release cites one recent study that found no decline in reporting quality after the 2020 "             "exemption,	the release cites a 2024 working paper that found no decline in internal control or financial "             "reporting quality at issuers exempted in 2020,
A1-33	             "Average closing price over the last 10 trading days of that quarter"],	             "Average closing price over the last 10 trading days of that quarter, times non-affiliate "              "shares at quarter end"],
A1-34	and $60 million for accelerated status", "Two	and $60 million for accelerated status, or on qualifying under the revenue test", "Two
A1-37	["<b>Foreign private issuers on Form 20-F</b>", "Attestation from $75 million of float", "<b>Unchanged</b>"],	["<b>Foreign private issuers on Form 20-F</b>", "Attestation from $75 million of float", "<b>Unchanged</b>: "              "$75 million of worldwide float, measured on a single day"],
A1-44	must disclose material "              "unresolved staff comments"],	must disclose material "              "unresolved staff comments, which is new for them"],
A1-43	             "Stays by statute, though the SEC expects it to be unnecessary in most circumstances"],	             "Stays by statute; the SEC expects reliance on it to be unnecessary in most circumstances. Only "              "emerging growth companies keep confidential draft registration statements and the exemption fro
A1-39	total assets of $35 million or less at each of the last two second-quarter ends; "              "10-K in 120 days, 10-Q in 50"],	total assets of $35 million or less at each of the last two second-quarter ends; "              "10-K in 120 days, 10-Q in 50. The SEC estimates 1,072 companies"],
A1-53	        H.note("Source: SEC Release 33-11419, pp. 9 to 13, 20 to 21, 28 to 33, 37 to 48, 56, 66 to 69, 83, 96 "                "and 103.	        H.note("Source: SEC Release 33-11419, pp. 8 to 10, 16 to 17, 23, 25 to 33, 35 to 51, 56, 66 to 71, "                "73 to 74, 83 and 87 to 88.
A1-46/A1-47	may present two "             "years of financial statements where it now presents three, and is exempt from say-on-pay votes. "             "The option to defe	may present two "             "years of financial statements where it now presents three, and would be exempt from say-on-pay, "             "say-on-frequency and golden-parachute votes, an emerging growth company accomm
A1-49	from the attestation: %s that are large accelerated filers today and %s accelerated filers."             % (	from the attestation: %s that are large accelerated filers today and %s accelerated filers. The "             "other five of today's large accelerated filers lack the float data to classify. The 1,596 are 60% "          
A1-50/A1-37	        H.p("Two groups get less than the headline suggests. Banks are counted in the %s but stay subject to "             "the FDIC's separate attestation rule	        H.p("Two groups get less than the headline suggests. Banks are counted in the %s, but an insured "             "bank with $5 billion or more of total assets remains subject to the FDIC's attestation requirement "
A1-03	        H.p("The docket holds %s entries, the latest dated September 8, 2026. Setting aside SEC staff "	        H.p("As posted on October 5, 2026, the docket held %s entries, the latest dated September 8, 2026; "             "letters posted since are not counted here. Setting aside SEC staff "
A1-15	                  "EA Table 13, p. 207; Uniqus coding of comment file S7-2026-18 for commenter positions on the "                   "level. EA Table 13 varies o	                  "EA Table 13, p. 177; Uniqus coding of comment file S7-2026-18 for the 51 commenters that "                   "addressed the $2 billion figure. EA Table 13 applies the proposal's 60-month seasoning and 
A1-17/A1-12/A1-14	"Source: SEC Release 33-11419 (May 19, 2026), pp. 12, 20 to 34, 40 to 42 and 150; SEC "	"Source: SEC Release 33-11419 (May 19, 2026), pp. 9, 15 to 20, 27, 29 to 35 and 40 to 42; SEC "
C-split	            ["<b>The $2 billion level</b>", "24 supported it, 15 wanted it lower, 3 higher; 9 opposed any increase",	            ["<b>The $2 billion level</b>", "Of the 51 that addressed the figure, 24 supported it, 15 wanted it "              "lower, 3 higher and 9 opposed any increase",
C-assoc	The split runs by constituency. Every company, exchange and industry association that took "               "a side supported the exemption.	The split runs by constituency. Every company, both exchanges and every business trade association "               "that took a side supported the exemption.
C-ex4	The counts describe who wrote; they are not a forecast of how the "                   "Commission will weigh each letter.")	Positions are on the exemption, not on the $2 billion figure. The "                   "counts describe who wrote; they are not a forecast of how the Commission will weigh each letter.")
A1-08	        ("May 19, 2026", "Proposal issued, with companion proposals on semiannual reporting and registered offerings", ""),	        ("May 2026", "Proposal issued May 19, beside proposals on semiannual reporting (May 5) and registered offering reform (May 19)", ""),
A1-12	'<td><div class="l">2005, at adoption</div><div class="v">18%</div><div class="s">of listed companies; '	'<td><div class="l">2005, at adoption</div><div class="v">18%</div><div class="s">of companies on US markets; '
A1-12/A1-14	listed companies and of their float, and “nearly 95 percent” is the SEC's wording, "                           "so the 2005 and 2024 columns are not on the same	companies on the NYSE, Amex, Nasdaq, OTC Bulletin Board and Pink Sheets and of their float, and "                           "“nearly 95 percent” is the SEC's wording, so the 2005 and 2024 columns are not on the "        
A2-38 revert A1-22	EA Tables 5, 6 and 7 (pp. 118 to 122)	EA Tables 5, 6 and 7 (pp. 139 to 142)
A2-38 revert A1-15	EA Table 13, p. 177;	EA Table 13, p. 207;
A2-38 revert A1-17	pp. 9, 15 to 20, 27, 29 to 35 and 40 to 42; SEC	pp. 12, 20 to 34, 40 to 42 and 150; SEC
A2-38 revert A1-53	pp. 8 to 10, 16 to 17, 23, 25 to 33, 35 to 51, 56, 66 to 71, "                "73 to 74, 83 and 87 to 88.	pp. 9 to 13, 20 to 21, 28 to 33, 37 to 48, 56, 66 to 69, 83, 96 "                "and 103.
A2-04	        H.p("Issuers put the figure higher, at or above the top of the range the release itself reports. One "             "listed company cited by Nasdaq and o	        H.p("Issuers put the figure higher. One listed company cited by Nasdaq and one biotech CFO each put it "             "at $500,000 to $1 million a year, a range that spans the top estimates the release itself repo
A2-03	from $73,165 in audit fees "                   "for companies under $300 million to approximately $800,000 all-in.	from $73,165 in audit fees "                   "for companies under $300 million of market capitalization to approximately $800,000 all-in for "                   "a sample of four to seven biotech companies. GAO measure
A2-04	        H.p("Issuers put the figure higher, at or above the top of the range the release itself reports. One "             "listed company cited by Nasdaq and o	        H.p("Issuers put the figure higher. One listed company cited by Nasdaq and one biotech CFO each put it "             "at $500,000 to $1 million a year, a range that spans the top estimates the release itself repo
A2-03	from $73,165 in audit fees "                   "for companies under $300 million to approximately $800,000 all-in.	from $73,165 in audit fees "                   "for companies under $300 million of market capitalization to approximately $800,000 all-in for "                   "a sample of four to seven biotech companies. GAO measure
A2-17	    inner = X.ladder(rows, "<b>Until a final rule takes effect, today's lines still apply.</b> A company that "                            "becomes an accelerat	    inner = X.ladder(rows, "<b>Until a final rule takes effect, today's lines still apply.</b> A company that "                            "crossed a line on June 30, 2026 needs the attestation for fiscal 2026 unless a f
A2-17b	    "<b>If you crossed a line at June 30, 2026, plan on the current rules.</b> Three commenters asked for interim "     "relief and the release offers none.",	    "<b>If you crossed a line at June 30, 2026, plan on the current rules.</b> Three commenters asked for interim "     "relief and the release offers none. Relief for fiscal 2026 would come only if a final rule takes ef
A2-14	         "Outside the proposal", "The auditor's attestation continues from $75 million of float.",          "1,144 filers on these forms in 2024", "", "No: go t	         "Outside the new categories", "The auditor's attestation continues from $75 million of worldwide float, "          "unless an emerging growth company.", "1,144 filers on these forms in 2024, 498 of them emerging
A2-19	that approximately 88% of 2024 IPOs were by emerging growth companies,	that approximately 88% of 2024 IPOs, excluding funds and direct listings, were by emerging growth companies,
A2-24/D	        ["<b>Deficiencies the auditor finds</b>", "Reported in writing to management and the audit committee",          "<b>Unchanged</b>"],	        ["<b>Deficiencies the auditor finds</b>", "All deficiencies in writing to management; significant "          "deficiencies and material weaknesses also to the audit committee", "Significant deficiencies and mater
v2-302	        ["<b>A material weakness that management has not reported</b>", "The auditor must say so in its report",          "Goes to management and the audit comm	        ["<b>A material weakness that management has not reported</b>", "The auditor must say so in its report",          "Goes to management and the audit committee, to weigh in management's assessment"],         ["<b>O
v2-302src	        H.note("Source: SEC Release 33-11419, pp. 61, 62 and 139; PCAOB AS 2110, AS 2301 (including paragraph 17), "                "AS 1305 and AS 2201."))	        H.note("Source: SEC Release 33-11419, pp. 61, 62 and 139; PCAOB AS 2110, AS 2301 (including paragraph 17), "                "AS 1305 and AS 2201 (paragraphs 78 to 81); Exchange Act Rules 13a-14 and 15d-14."))
A2-05	charts.py GAO label	median rise in audit fees in the year 98 companies began the attestation
B-04	the Society for Corporate "                   "Governance (p. 7; member survey with nearly 50 responses).	the Society for Corporate "                   "Governance (pp. 6 to 8; member survey that “attracted nearly 50 responses”).
B-04/v2	        H.p("Neither set of numbers answers the controller's question:	        H.p("The same survey suggests the saving companies expect is smaller than the cost they report. "             "<b>39% of respondents put the attestation's cost at $500,000 or more a year, but only 3% expect to " 
B-12/A2-06	The one study on the file that measured the cost "             "of capital after an actual exemption, for low-revenue issuers in 2020, found no significant "   	The only study we found on the file that "             "measured the cost of capital after an actual exemption, of issuers with revenue under $100 million "             "in 2020, found no significant difference; it is th
B-13	The figures offered trace largely to one 2009 study of companies whose control "             "deficiencies were later cleared by an auditor.	The figures offered trace largely to one 2009 study that measured how the cost of "             "equity moved when auditor-tested reports showed controls weakening or being fixed; it did not "             "study the remo
B-05b	The academic whose study the release cites for the JOBS Act's effect on "             "IPOs supports the proposal, and wrote:")	The academic whose study the release cites for the JOBS Act's effect on "             "IPOs is supportive of the five-year on-ramp but cautious about widening the exemption, and wrote:")
B-05a	enhances the frequency "                    "and efficiency of corporate investment and innovation”</em>"]) +	enhances the frequency "                    "and efficiency of corporate investment and innovation …”</em>"]) +
B-06	The auditor "             "reported ineffective controls at <b>8.5%</b> of companies with $700 million to $2 billion of float, "             "against 3.8% above	The auditor "             "reported ineffective controls at <b>12.8%</b> of companies with $250 million to $700 million of float "             "and <b>8.5%</b> at $700 million to $2 billion, against 3.8% above $2 billion
B-04	the Society for Corporate "                   "Governance (p. 7; member survey with nearly 50 responses).	the Society for Corporate "                   "Governance (pp. 6 to 8; member survey that “attracted nearly 50 responses”).
B-04/v2	        H.p("Neither set of numbers answers the controller's question:	        H.p("The same survey suggests the saving companies expect is smaller than the cost they report. "             "<b>39% of respondents put the attestation's cost at $500,000 or more a year, but only 3% expect to " 
B-12/A2-06	The one study on the file that measured the cost "             "of capital after an actual exemption, for low-revenue issuers in 2020, found no significant "   	The only study we found on the file that "             "measured the cost of capital after an actual exemption, of issuers with revenue under $100 million "             "in 2020, found no significant difference; it is th
B-13	The figures offered trace largely to one 2009 study of companies whose control "             "deficiencies were later cleared by an auditor.	The figures offered trace largely to one 2009 study that measured how the cost of "             "equity moved when auditor-tested reports showed controls weakening or being fixed; it did not "             "study the remo
B-05b	The academic whose study the release cites for the JOBS Act's effect on "             "IPOs supports the proposal, and wrote:")	The academic whose study the release cites for the JOBS Act's effect on "             "IPOs is supportive of the five-year on-ramp but cautious about widening the exemption, and wrote:")
B-05a	enhances the frequency "                    "and efficiency of corporate investment and innovation”</em>"]) +	enhances the frequency "                    "and efficiency of corporate investment and innovation …”</em>"]) +
B-06	The auditor "             "reported ineffective controls at <b>8.5%</b> of companies with $700 million to $2 billion of float, "             "against 3.8% above	The auditor "             "reported ineffective controls at <b>12.8%</b> of companies with $250 million to $700 million of float "             "and <b>8.5%</b> at $700 million to $2 billion, against 3.8% above $2 billion
B-06 cite	Wong and Zhao, comment letter, pp. 2 and 4).	Wong and Zhao, comment letter, pp. 2 to 4).
B-11	<b>Fewer firms will keep the capability.</b> One firm estimates that only six firms would perform "               "integrated audits for ten or more issuers.	<b>Fewer firms will keep the capability.</b> One firm estimates, “based on current data”, that only "               "six firms would likely perform integrated audits for ten or more issuers.
B-09	An academic committee's letter, citing a 2017 study of small companies, adds	The American Accounting Association's Financial Reporting Policy Committee, citing a 2017 study of "             "small companies, adds
B-14c	A letter with more than 100 academic "             "signatories is one commenter,	A letter with 115 signatories, most of them "             "academics, is one commenter,
B-v2 survey	    "<b>List who else expects the opinion.</b> Banks stay under the FDIC's rule at $5 billion of assets or more. "     "Ask lenders, rating agencies and your la	    "<b>List who else expects the opinion.</b> Banks of $5 billion of assets or more stay under the FDIC's rule. "     "In the governance survey, 97% named investor expectations and analyst coverage as a deciding factor 
D-05	in "             "2010 Congress exempted non-accelerated filers by statute, after the SEC had deferred them since "             "2003.	in "             "2010 Congress exempted non-accelerated filers from the auditor's attestation by statute, after the "             "SEC had repeatedly deferred it for them.
D-23	        H.p("Those closest to the work came to see value in it. In a survey of corporate insiders in 2008 "             "and 2009, cited in the release, respond	        H.p("Those closest to the work saw value in it, though not enough to pay for it. The release says "             "respondents to a 2008 and 2009 survey of 2,901 corporate insiders found the benefits to outweigh th
D-21/22	What the record does show is what is being given up: <b>an independent test that, "             "in the SEC staff's own study of accelerated filers, found what 	What the record does show is what is being given up: <b>an independent test that, "             "in the research the SEC staff reviewed in 2011, brought out deficiencies management had not "             "disclosed.</b> T
D-21 exec	Over the same years restatements fell and the SEC's staff found that auditor testing "               "brought out control deficiencies management had not disclo	Over the same years restatements fell and the SEC's staff concluded from the research that "               "auditor testing brought out control deficiencies management had not disclosed,
D-27	"Significant deficiencies and material "          "weaknesses still in writing to both; <b>lesser deficiencies no longer have to be</b>"],	"Significant deficiencies and material "          "weaknesses still in writing to both; <b>lesser deficiencies at the auditor's discretion</b>"],
D-28	         "Goes to management and the audit committee, to weigh in management's assessment"],	         "Goes in writing to management and the audit committee; <b>no public report</b>"],
D-27 src	AS 1305 and AS 2201 (paragraphs 78 to 81);	AS 1305 (paragraphs 4 and 7) and AS 2201 (paragraphs 78 to 81);
D-30	Banks are counted in the %s, but an insured "             "bank with $5 billion or more of total assets remains subject to the FDIC's attestation requirement " 	Banks are counted in the %s, but an insured "             "bank with $5 billion or more of total assets remains subject to the FDIC's attestation requirement "             "under 12 CFR Part 363, a threshold in effect si
D-30b	"<b>List who else expects the opinion.</b> Banks of $5 billion of assets or more stay under the FDIC's rule. "	"<b>List who else expects the opinion.</b> A bank of $5 billion of assets or more stays under the FDIC's rule "     "even if its holding company is exempt. "
D-36	             "Four audit firms", "A second look at how many companies fall out, a test that looks past public "              "float alone, and refreshed PCAOB g	             "Four audit firms", "A second look at how many companies fall out, a test that looks past public "              "float alone, and refreshed PCAOB guidance on auditing internal control, which is not on the PC
D-16	Ideagen Audit Analytics, on its own count, "             "recorded 391 in 2025, the second lowest year in its 20-year database.	Ideagen Audit Analytics, counting from the "             "same database without the Center's adjustment for blank-check companies, recorded 391 in 2025, the "             "second lowest year in its 20-year database after
style	paragraph splits/merges to keep 3-sentence rule	
user-1	Exhibit 4 sub-lines removed; no-position counts moved to source line	
user-2	Exhibit 3 extended to 2025 (CAQ 2013-22 + Ideagen 2022*-25, two bases marked)	
S-01	Governance (pp. 6 to 8; member survey that “attracted nearly 50 responses”). The CFO's letter reads "	Governance (p. 7; its member survey “attracted nearly 50 responses”, p. 1, note 1). The CFO's letter reads "
S-02	<b>39% of respondents put the attestation's cost at $500,000 or more a year, but only 3% expect to "             "save more than $500,000</b>, and 55% could not	<b>Taken together, its two top cost bands put the attestation's cost at $500,000 or more a year for 39% "             "of respondents, but only 3% expect non-accelerated status to save them more than $500,000</b>, and " 
S-03	In the governance survey, 97% named investor expectations and analyst coverage as a deciding factor and 65% "     "debt or equity offering requirements.	In the governance survey, 97% named investor expectations and analyst coverage among the factors that would "     "most influence whether they use the new accommodations, and 65% debt or equity offering requirements.
S-04	the method is set out in “How we read the file”. Constituencies are sorted from "                   "most supportive to most opposed. The 11	the method is set out in “How we read the file”. Not counted: three letters posted October 5 "                   "to 8, 2026, from a biotech CFO in support, an audit firm already counted and one other. "                 
S-05	One letter, from the Texas Society of CPAs, could not be "                   "opened on the docket and was read from the society's website.	The Texas Society of CPAs letter could not be "                   "opened on the docket and was read from the society's website.
F-01 quote	“between $500–$1M annually”	“between $500-$1M annually”
F-01 cite	Avalo Therapeutics (p. 1)	Avalo Therapeutics (web comment)
F-02	IPOs is supportive of the five-year on-ramp but cautious about widening the exemption, and wrote:")	IPOs supports the proposal, including the five-year on-ramp, while warning that the wider exemption "             "is “not costless”, and wrote:")
F-03	The release says "             "respondents to a 2008 and 2009 survey of 2,901 corporate insiders found the benefits to outweigh the "             "costs, “espe	The release says "             "respondents to a 2008 and 2009 survey of corporate insiders found the benefits to outweigh the "             "costs, “especially as they gained experience with section 404(b)”. The study b
F-04	14.7% (31.4% in fiscal 2021, when the SEC staff's statement on SPAC warrants drove "                   "restatements).	14.7% (31.4% in fiscal 2021, when restatements coincided with the SEC staff's statement on SPAC "                   "warrants).
F-05	pp. 12, 20 to 34, 40 to 42 and 150; SEC 	pp. 12, 20 to 34, 40 to 42, 150 and 207; SEC 
F-06	pp. 9 to 13, 20 to 21, 28 to 33, 37 to 48, 56, 66 to 69, 83, 96 "                "and 103. Smaller	pp. 9 to 13, 20 to 21, 28 to 33, 37 to 48, 55 to 56, 61, 66 to 69, 81 "                "to 84, 87 to 88, 96 and 103 to 106. Smaller
F-07a	EA Tables 5, 6 and 7 (pp. 139 to 142), SEC staff analysis	EA Tables 5, 6 and 7 (pp. 139 to 142) and EA Table 2 (p. 132), SEC staff analysis
F-07b	pp. 153 to 155 and 214 to 218, including GAO-25-107500	pp. 153 to 155, 215 and 218, including GAO-25-107500
F-08a	Seven firms said the financial statement "               "audit will absorb part of the work	Seven audit firms said the financial statement "               "audit would absorb part of the work
F-08b	seven firms told the SEC the financial statement audit will absorb part of the work.	seven audit firms told the SEC the financial statement audit would absorb part of the work.
F-09	from a biotech CFO in support, an audit firm already counted and one other. 	from a biotech CFO in support, an audit firm already counted that restates its position, and a former PCAOB staff member who calls the exemption too broad. 
F-11	opportunities available to U.S. investors.” (Linklaters LLP, comment letter, p. 2).	opportunities available to U.S. investors” (Linklaters LLP, comment letter, p. 2).
P-01	"<b>New</b>: total assets of $35 million or less at each of the last two second-quarter ends; "              "10-K in 120 days, 10-Q in 50. The SEC estimates 1,	"<b>New</b>: total assets of $35 million or less on the last day of the second fiscal quarter in "              "each of the last two years, ending once assets exceed $35 million at both; 10-K in 120 days, "             
P-02	        ], widths=[27, 36, 37]) +         H.h2("2.1 The filer categories, today and under the proposal") +	        ], widths=[27, 36, 37]) +         H.p("Under the proposal, status would change only after two years on the same side of the threshold. "             "For example, a calendar-year company with 60 months of reporti
P-03	A company whose float stays at or above $2 billion for two consecutive years is back in scope.	A company whose float stays at or above $2 billion for two consecutive years is back in scope (see the example in Section 2).
P-04	The "             "other five of today's large accelerated filers lack the float data to classify.	The SEC "             "could not classify the other five of today's 2,115 large accelerated filers because their float data is missing.
P-05	        H.rec(DECISIONS[:4], header="Eight decisions for the SOX program leader") +         H.rec(DECISIONS[4:], header="Eight decisions for the SOX program lea	        REC_OL(DECISIONS, "Eight decisions for the SOX program leader")))
P-05 css	.rec li b{ color:#B21E7D; }	.rec li b{ color:#B21E7D; } .rec ol.num{ margin:0; padding-left:6.2mm; } .rec ol.num li{ font-size:8.6pt; margin:0 0 1.3mm; padding-left:1mm; } .rec ol.num li::marker{ color:#B21E7D; font-weight:600; }
P-05 fn	 DECISIONS = [	 def REC_OL(items, header):     return ('<div class="rec"><div class="hd">%s</div><ol class="num">%s</ol></div>'             % (header, "".join("<li>%s</li>" % i for i in items)))   DECISIONS = [
P-06	"4,825 registrants; 1,596 newly exempt"	"4,825 registrants in all: 1,596 newly exempt, and 3,229 that have no attestation today"
D-2 nav	NAV = ["Executive Summary", "1. How Section 404 Got Here", "2. What the SEC Proposed",        "3. What the SEC Heard", "4. Two Questions the File Leaves Open",	NAV = ["Executive Summary", "1. How Section 404 Evolved", "2. What the SEC Proposed",        "3. What the SEC Heard", "4. Two Questions Left Open",
D-2 nav7	"7. What To Do Before the Final Rule", "How Uniqus Can Help"]	"7. Actions Before a Final Rule", "How Uniqus Can Help"]
D-2 ref1	(Refer Section 1: How Section 404 Got Here)	(Refer Section 1: How Section 404 Evolved)
D-2 ref4	Two Questions the File Leaves Open)	Two Questions Left Open)
D-2 ref7	(Refer Section 7: What To Do Before the Final Rule)	(Refer Section 7: Actions to Consider Before a Final Rule)
D-2 h1	H.h1("1. How Section 404 Got Here")	H.h1("1. How Section 404 Evolved")
D-2 h4	H.h1("4. Two Questions the File<br/>Leaves Open")	H.h1("4. Two Questions Left Open")
D-2 h7	H.h1("7. What To Do Before the<br/>Final Rule")	H.h1("7. Actions to Consider Before<br/>a Final Rule")
D-2 h71	H.h2("7.1 Keep, drop or replace")	H.h2("7.1 Retain, discontinue or replace")
