year,count,source,basis
2013,858,"Center for Audit Quality, Financial Restatement Trends in the United States: 2013-2022 (June 2024), p. 15, Audit Analytics data. https://thecaq.wpenginepowered.com/wp-content/uploads/2024/06/caq-financial-restatement-trends-us-2013-2022_2024-06.pdf","CAQ basis: Big R (Item 4.02) + little r (non-4.02); all SEC registrants incl. foreign filers; by announcement year; EXCLUDES blank-check (SPAC) restatements citing warrant/BCF issues announced after 12 Apr 2021 (1,102 in 2021; 53 in 2022)"
2014,834,"Center for Audit Quality, Financial Restatement Trends in the United States: 2013-2022 (June 2024), p. 15, Audit Analytics data. https://thecaq.wpenginepowered.com/wp-content/uploads/2024/06/caq-financial-restatement-trends-us-2013-2022_2024-06.pdf","CAQ basis: Big R (Item 4.02) + little r (non-4.02); all SEC registrants incl. foreign filers; by announcement year; EXCLUDES blank-check (SPAC) restatements citing warrant/BCF issues announced after 12 Apr 2021 (1,102 in 2021; 53 in 2022)"
2015,732,"Center for Audit Quality, Financial Restatement Trends in the United States: 2013-2022 (June 2024), p. 15, Audit Analytics data. https://thecaq.wpenginepowered.com/wp-content/uploads/2024/06/caq-financial-restatement-trends-us-2013-2022_2024-06.pdf","CAQ basis: Big R (Item 4.02) + little r (non-4.02); all SEC registrants incl. foreign filers; by announcement year; EXCLUDES blank-check (SPAC) restatements citing warrant/BCF issues announced after 12 Apr 2021 (1,102 in 2021; 53 in 2022)"
2016,667,"Center for Audit Quality, Financial Restatement Trends in the United States: 2013-2022 (June 2024), p. 15, Audit Analytics data. https://thecaq.wpenginepowered.com/wp-content/uploads/2024/06/caq-financial-restatement-trends-us-2013-2022_2024-06.pdf","CAQ basis: Big R (Item 4.02) + little r (non-4.02); all SEC registrants incl. foreign filers; by announcement year; EXCLUDES blank-check (SPAC) restatements citing warrant/BCF issues announced after 12 Apr 2021 (1,102 in 2021; 53 in 2022)"
2017,554,"Center for Audit Quality, Financial Restatement Trends in the United States: 2013-2022 (June 2024), p. 15, Audit Analytics data. https://thecaq.wpenginepowered.com/wp-content/uploads/2024/06/caq-financial-restatement-trends-us-2013-2022_2024-06.pdf","CAQ basis: Big R (Item 4.02) + little r (non-4.02); all SEC registrants incl. foreign filers; by announcement year; EXCLUDES blank-check (SPAC) restatements citing warrant/BCF issues announced after 12 Apr 2021 (1,102 in 2021; 53 in 2022)"
2018,538,"Center for Audit Quality, Financial Restatement Trends in the United States: 2013-2022 (June 2024), p. 15, Audit Analytics data. https://thecaq.wpenginepowered.com/wp-content/uploads/2024/06/caq-financial-restatement-trends-us-2013-2022_2024-06.pdf","CAQ basis: Big R (Item 4.02) + little r (non-4.02); all SEC registrants incl. foreign filers; by announcement year; EXCLUDES blank-check (SPAC) restatements citing warrant/BCF issues announced after 12 Apr 2021 (1,102 in 2021; 53 in 2022)"
2019,472,"Center for Audit Quality, Financial Restatement Trends in the United States: 2013-2022 (June 2024), p. 15, Audit Analytics data. https://thecaq.wpenginepowered.com/wp-content/uploads/2024/06/caq-financial-restatement-trends-us-2013-2022_2024-06.pdf","CAQ basis: Big R (Item 4.02) + little r (non-4.02); all SEC registrants incl. foreign filers; by announcement year; EXCLUDES blank-check (SPAC) restatements citing warrant/BCF issues announced after 12 Apr 2021 (1,102 in 2021; 53 in 2022)"
2020,374,"Center for Audit Quality, Financial Restatement Trends in the United States: 2013-2022 (June 2024), p. 15, Audit Analytics data. https://thecaq.wpenginepowered.com/wp-content/uploads/2024/06/caq-financial-restatement-trends-us-2013-2022_2024-06.pdf","CAQ basis: Big R (Item 4.02) + little r (non-4.02); all SEC registrants incl. foreign filers; by announcement year; EXCLUDES blank-check (SPAC) restatements citing warrant/BCF issues announced after 12 Apr 2021 (1,102 in 2021; 53 in 2022)"
2021,362,"Center for Audit Quality, Financial Restatement Trends in the United States: 2013-2022 (June 2024), p. 15, Audit Analytics data. https://thecaq.wpenginepowered.com/wp-content/uploads/2024/06/caq-financial-restatement-trends-us-2013-2022_2024-06.pdf","CAQ basis: Big R (Item 4.02) + little r (non-4.02); all SEC registrants incl. foreign filers; by announcement year; EXCLUDES blank-check (SPAC) restatements citing warrant/BCF issues announced after 12 Apr 2021 (1,102 in 2021; 53 in 2022)"
2022,402,"Center for Audit Quality, Financial Restatement Trends in the United States: 2013-2022 (June 2024), p. 15, Audit Analytics data. https://thecaq.wpenginepowered.com/wp-content/uploads/2024/06/caq-financial-restatement-trends-us-2013-2022_2024-06.pdf","CAQ basis: Big R (Item 4.02) + little r (non-4.02); all SEC registrants incl. foreign filers; by announcement year; EXCLUDES blank-check (SPAC) restatements citing warrant/BCF issues announced after 12 Apr 2021 (1,102 in 2021; 53 in 2022)"
2023,434,"Ideagen Audit Analytics, Financial Restatements 2005-2024 (June 2025), as quoted by TheCorporateCounsel.net, 20 Jun 2025: https://www.thecorporatecounsel.net/blog/2025/06/restatements-non-accelerated-filers-lead-the-pack.html",Ideagen basis: Big R + little r; all SEC registrants incl. FPIs; INCLUDES SPAC restatements (2023 SPAC count not published in any source opened); June 2025 vintage
2024,477,"Ideagen Audit Analytics, Financial Restatements report (May 2026): https://www.ideagen.com/resources/whitepapers/financial-restatements-report-may-2026",Ideagen basis: Big R + little r; all SEC registrants incl. FPIs; INCLUDES SPAC restatements (2024 SPAC count not published in any source opened); May 2026 vintage (June 2025 edition showed 479)
2025,391,"Ideagen Audit Analytics, Financial Restatements report (May 2026): https://www.ideagen.com/resources/whitepapers/financial-restatements-report-may-2026","Ideagen basis: Big R + little r (per Weaver, 1 Oct 2026); all SEC registrants incl. FPIs (52 FPI restatements); INCLUDES 13 SPAC-related restatements; May 2026 vintage"
2020,375,"Ideagen Audit Analytics (May 2026) via Accounting Today, 5 Jun 2026: https://www.accountingtoday.com/news/financial-restatements-drop-18",COMPARISON ONLY - Ideagen basis incl. SPAC; overlaps CAQ 374
2021,1462,"Ideagen Audit Analytics (May 2026) via Accounting Today, 5 Jun 2026: https://www.accountingtoday.com/news/financial-restatements-drop-18","COMPARISON ONLY - Ideagen total = 1,060 SPAC + 402 non-SPAC; CAQ equivalent before exclusion = 1,464 (362 + 1,102)"
2022,458,"Ideagen Audit Analytics (June 2024) via Accounting Today, 25 Jun 2024: https://www.accountingtoday.com/news/financial-restatements-remained-low-in-2023",COMPARISON ONLY - Ideagen basis incl. SPAC; CAQ equivalent before exclusion = 455 (402 + 53); Audit Analytics Nov 2023 edition showed 454
2023,430,Ideagen Audit Analytics (June 2024): https://www.ideagen.com/resources/whitepapers/financial-restatements-report,"COMPARISON ONLY - earlier vintage of 2023 (June 2024 edition); of which 209 Big R and 194 little r among domestic filers (Goelzer, Audit Update, 15 Jul 2024)"
2025,378,Derived: Ideagen 391 total less 13 SPAC-related (May 2026 report),COMPARISON ONLY - my derivation; Ideagen's SPAC definition may differ from CAQ's exclusion rule
