year,listed_domestic_companies,source
1960,,no data
1961,,no data
1962,,no data
1963,,no data
1964,,no data
1965,,no data
1966,,no data
1967,,no data
1968,,no data
1969,,no data
1970,,no data
1971,,no data
1972,,no data
1973,,no data
1974,,no data
1975,2670,World Bank WDI CM.MKT.LDOM.NO (WFE), lastupdated 2026-07-13
1976,2680,World Bank WDI CM.MKT.LDOM.NO (WFE), lastupdated 2026-07-13
1977,2582,World Bank WDI CM.MKT.LDOM.NO (WFE), lastupdated 2026-07-13
1978,2489,World Bank WDI CM.MKT.LDOM.NO (WFE), lastupdated 2026-07-13
1979,2401,World Bank WDI CM.MKT.LDOM.NO (WFE), lastupdated 2026-07-13
1980,5164,World Bank WDI CM.MKT.LDOM.NO (WFE), lastupdated 2026-07-13
1981,5590,World Bank WDI CM.MKT.LDOM.NO (WFE), lastupdated 2026-07-13
1982,5430,World Bank WDI CM.MKT.LDOM.NO (WFE), lastupdated 2026-07-13
1983,6175,World Bank WDI CM.MKT.LDOM.NO (WFE), lastupdated 2026-07-13
1984,6230,World Bank WDI CM.MKT.LDOM.NO (WFE), lastupdated 2026-07-13
1985,6260,World Bank WDI CM.MKT.LDOM.NO (WFE), lastupdated 2026-07-13
1986,6580,World Bank WDI CM.MKT.LDOM.NO (WFE), lastupdated 2026-07-13
1987,7001,World Bank WDI CM.MKT.LDOM.NO (WFE), lastupdated 2026-07-13
1988,6795,World Bank WDI CM.MKT.LDOM.NO (WFE), lastupdated 2026-07-13
1989,6627,World Bank WDI CM.MKT.LDOM.NO (WFE), lastupdated 2026-07-13
1990,6429,World Bank WDI CM.MKT.LDOM.NO (WFE), lastupdated 2026-07-13
1991,6513,World Bank WDI CM.MKT.LDOM.NO (WFE), lastupdated 2026-07-13
1992,6562,World Bank WDI CM.MKT.LDOM.NO (WFE), lastupdated 2026-07-13
1993,6912,World Bank WDI CM.MKT.LDOM.NO (WFE), lastupdated 2026-07-13
1994,7255,World Bank WDI CM.MKT.LDOM.NO (WFE), lastupdated 2026-07-13
1995,7487,World Bank WDI CM.MKT.LDOM.NO (WFE), lastupdated 2026-07-13
1996,8090,World Bank WDI CM.MKT.LDOM.NO (WFE), lastupdated 2026-07-13
1997,7905,World Bank WDI CM.MKT.LDOM.NO (WFE), lastupdated 2026-07-13
1998,7499,World Bank WDI CM.MKT.LDOM.NO (WFE), lastupdated 2026-07-13
1999,7229,World Bank WDI CM.MKT.LDOM.NO (WFE), lastupdated 2026-07-13
2000,6917,World Bank WDI CM.MKT.LDOM.NO (WFE), lastupdated 2026-07-13
2001,6177,World Bank WDI CM.MKT.LDOM.NO (WFE), lastupdated 2026-07-13
2002,5685,World Bank WDI CM.MKT.LDOM.NO (WFE), lastupdated 2026-07-13
2003,5295,World Bank WDI CM.MKT.LDOM.NO (WFE), lastupdated 2026-07-13
2004,5226,World Bank WDI CM.MKT.LDOM.NO (WFE), lastupdated 2026-07-13
2005,5145,World Bank WDI CM.MKT.LDOM.NO (WFE), lastupdated 2026-07-13
2006,5133,World Bank WDI CM.MKT.LDOM.NO (WFE), lastupdated 2026-07-13
2007,5109,World Bank WDI CM.MKT.LDOM.NO (WFE), lastupdated 2026-07-13
2008,4666,World Bank WDI CM.MKT.LDOM.NO (WFE), lastupdated 2026-07-13
2009,4401,World Bank WDI CM.MKT.LDOM.NO (WFE), lastupdated 2026-07-13
2010,4279,World Bank WDI CM.MKT.LDOM.NO (WFE), lastupdated 2026-07-13
2011,4171,World Bank WDI CM.MKT.LDOM.NO (WFE), lastupdated 2026-07-13
2012,4102,World Bank WDI CM.MKT.LDOM.NO (WFE), lastupdated 2026-07-13
2013,4180,World Bank WDI CM.MKT.LDOM.NO (WFE), lastupdated 2026-07-13
2014,4369,World Bank WDI CM.MKT.LDOM.NO (WFE), lastupdated 2026-07-13
2015,4381,World Bank WDI CM.MKT.LDOM.NO (WFE), lastupdated 2026-07-13
2016,4331,World Bank WDI CM.MKT.LDOM.NO (WFE), lastupdated 2026-07-13
2017,4336,World Bank WDI CM.MKT.LDOM.NO (WFE), lastupdated 2026-07-13
2018,4013,World Bank WDI CM.MKT.LDOM.NO (WFE), lastupdated 2026-07-13
2019,3910,World Bank WDI CM.MKT.LDOM.NO (WFE), lastupdated 2026-07-13
2020,4104,World Bank WDI CM.MKT.LDOM.NO (WFE), lastupdated 2026-07-13
2021,4774,World Bank WDI CM.MKT.LDOM.NO (WFE), lastupdated 2026-07-13
2022,4642,World Bank WDI CM.MKT.LDOM.NO (WFE), lastupdated 2026-07-13
2023,4317,World Bank WDI CM.MKT.LDOM.NO (WFE), lastupdated 2026-07-13
2024,4010,World Bank WDI CM.MKT.LDOM.NO (WFE), lastupdated 2026-07-13
2025,3908,World Bank WDI CM.MKT.LDOM.NO (WFE), lastupdated 2026-07-13
